,0,1,2,3,4,5,6,7,8,9,10,11,12,13,14,15,16,17,18,19,20,21,22,23,24,25,26,27,28,29,30,31,32,33,34,35,36,37,38,39,40,41,42,43,44,45,46,47,48,49,50,51,52,53,54,55,56,57,58,59,60,61,62,63,64,65,66,67,68,69,70,71,72,73,74,75,76,77,78,79,80,81,82,83,84,85,86,87,88,89,90,91,92,93,94,95,96,97,98,99,100,101,102,103,104,105,106,107,108,109,110,111,112,113,114,115,116,117,118,119,120,121,122,123,124,125,126,127,target
0,-1.2717392,-0.85604274,1.2198362,0.52538466,0.11694123,0.78795546,-0.15511258,-3.6943598,-0.88132834,-0.45680845,0.052573502,0.74558854,0.7455565,-2.034253,0.9291978,0.24502982,0.23212393,-0.42642784,-0.30665317,0.5603697,1.1578897,-0.572417,0.39506936,-1.5236832,-0.1273981,-0.837792,0.4934238,0.3691348,0.7206088,0.58872294,-0.58290684,-1.4761292,-0.26946327,0.597608,0.951044,0.93399775,0.18214983,-1.403059,-0.55192477,-1.0514421,1.3997315,-1.1067725,-1.8536153,1.4403318,0.09496555,-0.0067156423,0.20732085,0.6973131,-0.9218843,-0.9866018,-0.771114,0.7258374,-0.61017096,0.49621305,1.0146394,1.2239088,0.56276244,-0.24598259,0.38575193,-0.047728814,0.98511237,-0.9047988,0.9226896,-0.38952273,-0.6715318,2.1226072,0.97373044,-0.60805684,-0.30394498,-0.8415462,-0.38154417,-0.96948993,-0.86641455,0.27960455,0.2720066,1.6303178,-0.87546635,-0.49281102,0.17416054,-0.04208976,-0.4349146,1.0847071,-0.45162153,2.2447193,1.955743,-1.8029333,0.17913546,0.9720068,-0.14021502,-0.2737506,-1.3796183,-0.26964045,2.4711807,0.6603134,-0.25814655,0.5874509,0.8990408,-0.23448718,0.38093156,0.24502791,0.46175116,-1.4860221,-1.0426587,2.0188918,0.54742634,1.0720344,-0.16300356,0.77837574,0.9496222,-1.2905076,-0.191108,0.3139366,1.4118251,-1.3307036,0.2503373,0.20779127,-0.24650295,1.1730108,-0.006090328,0.2888699,1.8330832,0.0796094,1.0695864,-0.9193454,0.86883247,1.4987868,0.6516826,0.25229558,bia
1,-0.77431214,-0.47397527,1.2596445,0.10975688,0.47314206,0.3168649,0.6047664,-4.045857,-1.4973378,-0.3905785,0.17923442,1.4768862,0.69962007,-2.1338613,1.2976338,0.11841044,0.6843977,-0.55238014,0.011779077,0.17240876,0.438063,-1.3508185,0.20901379,-1.1604534,0.30665272,-0.28593442,0.54760873,0.7034618,0.53593826,0.8839335,-0.17432857,-1.562942,-0.123618886,0.7659723,0.63721067,0.8791528,0.3432531,-1.4483435,-1.2011132,-0.5966201,1.1648293,-0.43382326,-1.5440619,2.335696,-0.21033041,-0.5535266,0.06654972,1.588223,-0.4934098,-0.9743248,0.05024171,0.46972182,-0.34889233,0.8610403,1.3485256,1.230528,0.4387025,0.05680744,0.3603639,0.6958167,0.6756842,-1.4440817,1.0635266,-0.3774522,-0.101317726,2.3692482,0.082856886,-0.2951189,-0.10413898,0.51809335,-0.041088346,-0.48768267,-0.56493825,0.44686764,-0.36220965,1.1448008,-0.3270523,-0.39903748,0.14965451,0.30727017,-1.3714204,1.649272,-0.07638703,1.9121969,1.3151399,-1.2995347,0.486679,-0.20919919,0.5177293,0.07616936,-1.4162093,-0.42810497,2.1619663,0.15239963,0.23447338,0.39481148,1.1079775,-0.5526005,-0.10643852,0.41839963,0.99716944,-1.5554545,-0.9049847,2.5280573,0.0062260926,1.1061647,-0.5885505,0.13670543,1.2676985,-1.3835549,-1.0996624,0.50970465,1.4869648,-1.0411421,0.7782219,-0.024691608,-0.47133806,0.84232014,1.0556338,-0.30433148,2.3238344,-0.1440427,1.2222158,-1.2706147,0.50419116,1.5343068,1.256414,0.2148628,bia
2,-0.6664717,-0.28155917,1.7819841,0.49983886,-0.012945864,0.37181512,0.80760556,-3.9792337,-1.2703334,-0.30805838,-0.111381896,1.1044284,1.3035647,-1.673501,1.0483884,-0.040844284,0.58238864,-0.23432887,-0.25027674,0.026945628,0.56465507,-1.1016096,-0.12945002,-1.1918287,0.06328476,-0.97915334,0.287936,0.74456286,-0.28731942,0.7021024,0.18797931,-1.5832839,-0.109204434,0.93169653,0.6179844,0.123210445,0.37412778,-1.7795888,-0.27132574,-0.58731997,1.4543698,-0.81001294,-1.6938657,1.2490896,0.9656631,-0.5603911,0.41114584,1.6965976,0.09856196,-1.6806982,-0.02428621,0.520393,-1.1370943,0.33343872,1.4107924,0.83170164,1.2958606,-0.31975508,0.35006675,0.34901503,1.0496023,-0.87664104,1.2881137,-0.785312,-0.23268813,2.022587,0.7058432,-0.5339517,-0.8313572,-0.11043697,-0.43115854,-0.49640125,-0.035823256,0.2934056,-0.64699435,0.79509485,-0.9387094,-0.3774947,0.7707689,-0.015952937,-0.58083993,1.1095132,-0.061717253,1.643254,1.0648028,-0.86285603,0.29858404,0.43290615,0.4498429,0.35086343,-1.0604761,0.7767833,2.5130174,0.4919529,0.40132448,0.60707647,1.5798178,0.118904196,0.13941365,0.8118212,0.8903527,-1.4110353,-1.2667495,1.5817564,0.36914718,1.3693386,-1.1106706,0.7514739,0.52029186,-1.0808431,-2.0718968,0.76158434,1.3827626,-2.134156,0.23478104,0.108615905,-0.58215654,0.8896962,0.8511687,-0.33356434,0.90500337,0.10032837,1.3400534,-0.751668,1.3912326,1.4813675,0.5771204,-0.5454733,bia
3,-0.2638907,-0.37781933,1.2811215,-0.7023008,-0.47021416,1.8513417,0.01598527,-3.0709107,0.7303555,0.21966317,-1.3551847,2.5384974,-0.24053577,0.5511098,0.12002632,0.4119994,-0.7178824,1.7944098,0.50265,0.046541385,1.6552709,-0.45517105,-0.06505825,-1.8179106,-0.07645732,-1.0978708,-1.3792632,-0.82923955,-0.14252499,0.69999737,0.12794688,-1.1497176,0.28306425,0.3381465,0.7273804,0.030822676,1.0298254,-1.4591546,-1.6531727,-0.6871699,1.8137909,-0.36245844,-1.1788527,0.7081671,-0.81510943,-0.27146444,-0.4132157,0.5645684,-0.5642495,-0.29446,0.22779977,-0.9602011,-1.4348607,-1.0875814,1.7558807,1.0856676,0.4674323,0.17976919,1.2999154,-0.88220197,1.277945,0.67508715,0.48755354,0.79115236,0.6192264,1.969787,0.49124068,1.275932,0.8956108,-0.9471948,-0.3291054,-0.134033,0.8912733,-0.19673336,0.29491892,0.055819556,-0.2562012,-1.6198885,-0.7424808,-0.61371,-1.7135924,-0.14144377,-0.20059112,2.0311408,0.12677914,-1.7687184,0.39807355,1.5512843,0.70647764,1.3964764,-1.0808553,-0.50516,1.8652956,-0.2918763,-0.3586645,0.22245419,2.7163043,0.38291728,1.6454816,1.3345193,-0.15937051,0.2076897,-1.4547979,0.437583,0.49286568,-0.563737,0.044718843,0.79457235,1.3793845,-1.2945423,0.11011466,0.6869879,1.0993267,-1.0648063,0.7159775,0.41651928,1.4998486,2.7721164,1.1330721,-0.35314688,0.521945,0.9438505,1.3495413,-0.30051565,0.8608974,0.13852319,-0.9800785,0.55515045,bia
4,-1.4287504,-0.7039689,1.1921209,0.07688125,-0.15948768,-0.3259851,-0.3077039,-4.0168037,-0.099336125,0.13472846,0.2656533,2.378714,0.30362236,-1.7224774,0.43945432,1.1667688,0.46259844,0.51498616,-1.4108852,0.94765514,1.9422394,-0.80423313,-0.24434182,-1.0094377,-0.35748738,-0.78076106,-0.7443739,0.2359897,0.27680936,-0.088866964,-0.1702439,-0.93674475,-1.1540105,0.73607206,1.1805596,0.49166024,0.5183162,-1.7524554,0.40963033,-1.461433,1.3956226,-0.19118099,-2.0585074,0.3999534,0.02587229,-0.5344161,-0.0075063314,0.65556085,-0.6377016,-0.14687788,0.68418676,-0.76218873,-0.49525908,-1.0047653,1.471183,0.8405192,1.4366392,-0.8870367,1.212668,0.11195778,1.4393079,-0.5542323,-0.18651341,-0.5559622,0.56647426,2.1689856,2.0794592,-0.90156287,-0.047915444,-0.89552355,-0.7866093,0.3766695,-0.41955656,0.6975709,0.6756617,0.21400015,-0.31562275,-0.6311564,-0.13616344,-1.2736977,-2.124853,0.069763936,-0.67210525,1.6208036,0.5495897,-1.1871988,0.23824415,0.5235041,0.29087433,1.133863,-1.0851278,0.3838215,1.6743207,0.93907154,0.68163127,-0.023458788,2.8259435,0.4377062,1.0847197,0.1541919,0.91101986,-1.2652975,-2.028926,0.4063375,1.3226919,0.9402772,0.060298633,0.93544114,0.6142611,-0.5252284,0.42812815,1.5481993,2.257247,-1.9781841,0.73732173,1.0133358,0.4281214,1.9594862,-0.73351043,0.21224773,0.83785677,-0.53620565,1.3474337,-1.0722101,0.47270352,0.5333284,-0.68643916,-1.5926989,bia
5,-0.8386469,-1.6253705,1.3767102,-0.55119365,-0.71269375,1.2628592,0.9006188,-2.0567641,-1.4256146,1.6875833,0.0010459721,0.56640816,0.229879,-0.11429481,1.3677425,1.3049576,0.07779921,-0.43287575,-0.4437995,1.0533166,0.15795699,-0.63696176,-0.7028439,-0.02727729,0.26076525,-0.443757,-0.018037675,-0.38463855,1.057899,2.023876,0.7294116,-2.3754804,1.0679672,-0.61135834,1.3894421,0.6153901,0.3569201,-0.8624919,-1.1339223,-0.29073778,1.2830716,0.032137327,-1.9597903,1.57123,0.18771486,-2.5568233,-0.44575602,1.6667391,0.5602854,-1.5881722,1.3256441,-0.8537648,-0.16940254,-1.540886,0.08515418,0.3656494,2.2133927,0.9421058,1.6932938,-0.3164553,0.3330235,0.56271994,0.95343107,0.41222465,-0.30926898,1.020511,0.6650865,0.21854918,1.3768033,-0.35333145,-1.2813764,-1.0235331,0.34708023,-0.8051048,-0.7292197,-0.03610972,-0.7014135,-0.89912266,0.21766686,0.3595224,-1.6811739,-0.26111472,-0.99788994,1.2948878,0.20144752,-1.4549005,0.8351819,1.9246256,0.49592075,1.3982899,-0.5077048,0.79479283,1.1983429,1.4319723,-0.8650172,0.036584947,2.6907847,-1.816386,0.8607873,2.0012712,0.40740865,-0.04870583,-1.2429519,1.3787256,0.94783777,-0.556709,-0.40042987,-0.79333305,1.800355,0.10783206,-0.17530857,-0.18107712,1.7494435,-0.76232004,0.37658975,-0.9738312,1.2775353,1.3368642,1.327235,-0.10219611,1.5432918,0.5199797,-0.8072767,-0.9206729,0.49509186,0.7659144,0.31784147,-1.1826946,bia
6,-0.0903545,-0.6261804,1.6589907,-0.9218853,-0.8958419,-0.18992226,1.1158602,-3.8329127,-1.6609036,0.22802243,0.5674198,-0.3188652,0.121671185,-1.0930104,1.26261,0.58554804,-0.84908223,-1.0566572,-1.1579216,1.0464153,-0.017554156,-0.7297753,-1.4470943,0.081014976,0.055947904,-1.0284964,-0.9216764,-0.013146095,0.72171986,1.6029845,1.5658947,-2.30232,-0.4269411,1.0643882,0.3243489,0.5340513,0.79297644,-2.1502576,0.9838719,-0.9747114,2.292779,0.04416263,-1.7143161,0.7142089,-0.49612,-1.6525435,-0.06743874,2.1378314,-1.5361199,-1.0987796,0.5932497,0.15556285,-0.7410882,0.3650563,-0.04864945,-0.092535414,1.3921125,0.118379444,-0.021742374,0.11314427,1.8409282,-1.0546106,0.8259579,0.8945313,-0.18825462,2.762355,0.5048132,-0.49787825,0.40571603,-0.029520929,-0.35185587,-1.3036729,1.0231171,-1.14524,-0.8606122,1.1568258,-0.62316513,-0.21083082,1.3870852,0.37415528,-1.421394,0.7053244,0.012735456,1.9618279,1.1190852,-1.9769369,0.45731154,1.0186833,0.7484735,1.2272633,-0.38515213,0.20305966,1.7337284,1.966382,0.47972324,0.14910161,1.9179559,-0.48024246,-0.3569076,0.44505638,1.0830259,0.16303116,-1.4115863,2.2107852,0.626402,1.176889,-0.511997,0.2896502,-0.14939854,-0.61297816,-0.61748856,0.5596388,2.659443,-2.704421,0.11729352,-0.06395804,-0.13850275,0.8392652,0.08225107,-0.33940098,0.9321009,0.6338644,1.2530766,-1.3666394,0.7095376,0.09486271,-0.10474226,-0.7977205,bia
7,-0.7889819,-0.8155993,0.8004486,-0.06266868,1.4359213,1.2383456,0.4549185,-3.481405,1.0821549,0.3227314,-0.26744908,0.78693175,-0.12863684,-0.39309382,-0.15872157,1.5997711,-0.1478915,-0.4125458,-1.4539773,0.21604525,1.3604606,0.18246543,-0.1003318,-0.21327046,1.6828932,-0.26082125,1.7041092,-0.40313396,0.8098034,0.51423174,1.0653177,-0.627345,0.69165814,0.6662741,0.8173011,1.1085217,1.0584053,-1.0948335,-1.2853854,0.7509389,1.3704493,-1.1417062,0.1380454,0.86382776,-1.3822131,-0.38256764,-1.5521908,0.080219254,-1.0880519,-1.2264619,0.115421966,-0.48843843,0.26571202,1.2712291,0.62255037,0.20006354,-0.26672685,-0.64884675,-0.080078386,-1.6922922,0.07830877,0.21494482,-0.46351302,0.22327398,-0.57807934,2.5271556,1.2278042,-0.13443701,0.6074779,-0.24097066,0.908453,-0.54461694,1.2096367,0.18550153,-0.87678266,0.17844488,1.7512177,-0.21645008,0.352362,0.28456938,-1.4697131,1.4525081,0.9552584,2.5586042,0.021581206,-0.40322405,1.5773302,-0.31977075,1.6393127,1.7523537,-1.2507915,-1.2793915,1.2865342,0.11311848,0.18146616,1.3240263,1.3447493,-0.2805832,0.2026295,1.157529,-0.09229493,-0.46413714,-1.4019783,1.648427,0.2872015,0.551525,-0.36910573,0.51507473,1.4344634,-0.84255415,0.47232035,0.3478412,2.6015804,-1.2169967,0.84655905,0.40066546,-0.20918876,1.7610441,0.50253904,-2.5071933,1.941862,-0.5311067,1.4086168,-0.75957376,1.0549262,1.3074889,1.6470298,0.5539744,bia
8,-1.3782692,-1.9196675,0.6773865,0.78521466,0.9867074,0.28512546,-0.83272845,-3.318708,-0.8704787,1.4386797,-0.6048069,1.6848617,0.34052002,-0.72659516,1.4026313,2.323887,0.99923456,0.25041205,0.030469405,0.13861586,1.8127152,-0.8468375,0.66408247,-0.4760187,1.8822632,0.41002283,1.3117077,0.8292798,1.4076792,-0.27709505,1.0651684,-0.38844293,0.12789828,1.0765091,1.7653447,0.73848754,0.2598951,-0.8703869,-0.026148215,0.47813404,0.35410726,0.18332982,-0.38516492,0.26606646,-0.23838057,0.28986523,-0.78897935,0.6875576,0.019936286,-0.47152016,-0.26852018,0.3803705,-0.14966458,1.5525396,2.5991821,0.011188397,0.18635912,0.36990494,1.3933635,-0.72600853,1.1352606,-1.2708168,0.5909731,-1.0945714,-0.8071897,1.753788,1.2931923,-0.37798035,-0.3474897,-0.2535401,-0.36421117,-0.3840736,0.114684865,1.814637,-0.7023395,0.26769054,0.9024079,0.110525705,0.36074644,0.19444574,-2.3251953,0.8043407,0.46620187,2.3508275,-0.087302186,-0.42099574,0.6662688,-0.37748528,0.5634316,0.9352919,-1.3663661,0.37157983,1.2089199,0.4117477,0.5667433,0.3994205,0.8328503,0.16199024,0.6841588,0.6338515,-0.35923088,-0.79305387,-1.8338604,1.2412949,1.1662061,0.64967465,-1.0395201,1.7409942,0.77675754,-1.1077095,0.27130574,0.4003091,2.2502885,-2.059674,1.5592898,0.71146643,0.7323874,1.1828275,0.28191712,-2.0183027,1.7839097,-0.88825357,0.87475413,-1.1326326,1.0226065,1.3593539,1.1458665,-0.9463255,bia
9,0.33435252,1.4316891,0.45052868,-1.1775461,0.91658145,1.2043017,-0.095886335,-2.8651695,1.021908,-0.6887885,0.63014793,3.5773036,0.45575792,-1.0039965,-0.26783526,1.2227225,0.24447478,0.7216252,-0.28372312,0.4793045,1.08809,1.1340094,-0.89012337,-0.6678697,0.056532197,-1.1781982,0.024997104,-1.4394008,0.57906693,0.9171403,1.9207323,-0.94267786,0.73685396,0.5570102,-0.045643367,-0.6922928,1.6508753,-0.53637856,-0.60586673,0.9239508,1.5165901,-0.50232273,0.053072188,0.09281792,-1.3229575,0.2915555,0.5611178,-0.79918325,-0.5035702,0.110120215,-0.9829232,-0.5882923,0.14445704,0.5842944,0.32634187,0.7628107,0.55257577,-1.0711867,0.0048481505,-0.6113294,1.314794,0.21909611,-0.56823,0.63920814,1.4569851,1.3751857,1.593568,-0.03585691,-0.3205606,-1.2707139,0.38322258,0.72758245,0.60884374,1.6703748,0.22583112,-0.31672123,1.4277099,-0.719625,0.10837769,-1.0877635,-1.7815663,0.6037078,0.5455631,2.0354893,0.8515064,0.081258126,1.4014493,0.28705984,0.28715265,2.3485699,-2.2897067,-0.17697906,2.2627006,-1.9315355,1.3844903,0.42491212,2.0047765,1.1261318,1.1304517,-0.5830434,-0.32650936,-1.0536256,-0.70941496,1.2326332,1.0488882,1.3189657,-0.552028,2.2079017,0.97261214,-2.1165442,0.37951097,0.901222,1.8264806,-1.1676868,0.46431467,0.4986082,-0.61378825,2.7499099,2.1357205,-0.8870243,0.29731128,-0.3380795,0.9100413,0.5119863,1.1773838,0.29463944,-1.991793,0.3790075,bia
10,0.41213858,-0.62668514,1.0278889,-0.112985864,1.1341876,-0.24814294,0.88259923,-3.0177214,-1.8651189,0.1285541,0.8548312,0.6482017,-0.9829818,-0.9350313,1.2313795,-0.519561,1.282257,-0.25157425,-0.8546546,0.87254167,-0.13673137,-1.2563162,-0.45115402,-0.36501688,0.28994912,1.0447149,0.559391,-0.9786571,0.83897,1.1393479,0.5998477,0.08289449,-0.37578377,-0.3449011,0.062375367,1.2868246,0.9318413,-1.507942,-0.42368793,-0.12646724,2.288351,-0.347889,-1.0374922,1.6903535,-0.4402962,-0.38981682,1.1574074,0.2132008,-1.1935234,-0.5284809,0.18392232,-0.6135189,-0.10612864,-0.15530747,0.8372026,0.26397884,1.160942,-0.28596574,0.6202402,1.0028886,0.7853247,-2.368945,1.7747095,-0.14299536,0.20547247,1.5859836,0.23718393,1.1499896,1.8283385,0.68587816,-1.1401248,0.16084963,-1.0385475,0.5043334,0.061094206,0.4882163,-0.06886494,-1.4469327,-0.0038785562,0.109392345,-1.5563135,0.62505245,-0.59821683,1.2398031,0.9559279,-0.34108043,0.12999871,0.011887975,0.5789783,1.0882226,-1.2360231,0.09239289,1.989805,-0.28829175,-0.13051398,-0.6170799,2.3773608,-0.03733352,-0.3806726,0.20953344,-0.076688685,-0.97555476,-0.9627578,1.0236096,0.69674265,-0.09234084,-0.5819923,-0.44540247,0.5764035,-0.39482027,-1.3901433,1.7794275,2.5236094,-1.9766695,0.8691064,-0.9591826,-1.5755726,1.2310195,2.7930114,0.3627693,0.8699682,-0.1081211,1.1022139,-0.74478453,0.0020967275,0.5110149,-0.0021228613,1.5166042,bia
11,-0.5586735,-1.2996018,1.3758917,1.0903051,1.8498658,1.3617082,0.94291115,-2.9208033,0.45625198,0.34449747,-0.81028646,1.3514311,0.81220603,-0.9917749,0.5439648,1.0922,0.5322702,-0.09447083,-0.19469625,-0.49234745,0.58445644,-0.706014,0.74952424,-1.7124988,1.359372,-1.4125048,0.7190857,0.18869321,-0.9140386,0.5383384,0.34827876,-1.9106158,0.49533543,-0.27691078,0.29212797,0.23527148,1.5597699,-0.1715442,-1.3047876,-0.11500768,1.6000041,-1.0232874,-1.0719408,1.2156476,-0.83438253,0.8731435,-0.76721287,0.62633586,-0.25473383,-1.069204,-0.8618562,0.26476434,-0.7864417,0.42901132,2.1025124,0.3037057,0.41325724,0.167299,1.1991284,-0.9871197,0.5044056,-0.057321392,0.88059324,-0.34198844,0.09314939,1.4723306,-0.13746265,0.36778757,-0.34932804,-0.2646268,-0.35892257,-0.26392138,-0.572667,0.81252444,-1.4694567,0.9796545,-0.58758414,-0.29054195,0.69578016,0.52971816,-0.7253272,0.52557087,0.488004,2.2013247,0.058742486,-1.6395961,1.2185967,0.51121694,-0.6561091,1.0895162,-0.6267245,-0.78168905,2.0970883,-0.2927179,-0.9048251,0.33282086,1.844617,0.4598354,0.40355036,1.4289165,-0.37329638,-1.0235723,-2.089127,0.94374675,0.002377689,0.8761974,-1.1077133,-0.46288267,1.0812837,-0.7921963,-1.243362,0.5878653,2.551937,-2.1651895,0.66386557,-0.16899648,-0.34209797,1.3198742,1.373154,-1.0629206,1.4847338,-0.47245702,0.7952967,0.19698574,1.2562412,1.10997,0.94648457,0.56904596,bia
12,-1.4558148,-1.0422246,1.7190454,1.0748216,1.3227199,0.013656726,1.2083324,-3.3992288,-1.429019,-0.38636,-0.28481615,0.42303035,0.46647894,-0.45019856,0.7301496,0.049078308,0.41504303,-0.32599682,-1.1810327,0.26755065,0.6646805,-0.7707265,0.776077,-0.84165215,0.90293026,0.11259593,0.6062596,0.4438647,0.7603972,0.6504752,0.5915327,-1.6289989,-0.10391467,0.023574151,1.1300547,-0.08141679,0.95277274,-0.5270176,-0.69398445,-0.91353285,0.68571496,0.56532085,-1.4054672,0.7103023,-0.36807057,-0.83015907,0.20295593,1.1815541,-0.45332265,0.1257339,0.30841672,0.7335198,0.2930829,-0.4404354,1.1842394,1.7082292,1.613741,-0.068895146,0.8983868,1.0959252,1.6527817,-0.30129427,0.93904686,0.72278017,-1.2912357,2.0483446,0.06329049,0.49859467,0.42755765,0.9093479,-0.8194155,-0.3207722,0.21526133,-0.1320242,-0.64645475,0.7107708,-0.24930187,-0.4572503,-0.08994948,-0.47518694,-2.0560467,1.3722836,0.1858331,2.6413903,0.5593467,-0.053018138,2.6840346,-0.34734333,0.3791098,0.3638228,-1.2709421,0.8799852,1.6303145,0.10658864,0.67048615,0.3985687,1.7405673,-1.1966307,0.49550956,0.3588369,0.23838644,-0.03321442,-1.2090389,1.0886098,2.5810528,-0.5188747,-0.74662596,0.15962535,1.5824275,-1.4374039,-0.8066006,-0.3155715,1.9525409,-0.1578371,-0.07666205,0.4955496,-0.5666356,2.4375107,0.3840473,-0.47257274,1.7240716,-0.08385029,0.37657934,-0.74953526,0.5223505,0.7934684,0.4264602,-0.6464712,bia
13,-1.4880794,-1.3121095,0.7434993,0.5469827,0.47838575,0.7862897,-0.04845631,-3.8638926,-1.0855285,0.52220803,-0.48141328,0.9621549,-0.37247336,-1.0831385,-0.12079714,-0.041860647,0.51383996,-0.8362419,-0.36580288,-1.3247228,0.69189036,-0.99450064,0.6190236,-1.1641122,0.23694645,-0.7721414,-0.026064187,0.05248418,0.54320186,0.6321646,1.0580049,-1.7734321,0.09363788,0.43323368,1.0328854,0.5072699,-0.50401944,0.348102,-0.29474926,-0.8855518,0.78538984,-0.46129292,-1.9186078,0.585451,0.397412,-0.8495439,0.20396458,1.8608162,-0.6566902,-1.160233,-0.13418889,0.79069674,0.13789308,-0.7035656,1.620586,1.3594708,1.0075049,-0.7720256,1.4372731,-0.23613727,1.0947542,-1.3277819,0.022377722,-0.725169,-0.5959614,1.8864666,0.64427006,0.67390215,-0.999197,-0.20684062,-0.87019056,-0.35885128,-0.84076333,0.11690645,-0.35585955,1.884632,-0.4162982,0.15626006,-0.27525997,-0.8988941,-1.378104,1.5182582,-1.0968105,2.0263329,0.50584894,-1.0116644,0.60072273,0.30121177,-0.19031477,0.71877986,-0.93567675,0.005894158,2.575733,0.8610422,0.8339333,0.30787477,1.1364073,1.0918669,1.0494721,0.67738795,0.5774903,-2.1544437,-1.2533554,1.0406001,0.8838761,0.785307,-0.7709156,1.4356047,0.89432424,-1.7008969,-0.8253308,0.7310351,1.087307,-1.0810255,0.10220212,0.6701466,-0.16230986,0.6563181,-0.6841069,0.655885,1.6120499,-0.22774115,-0.06929599,-0.4291594,1.4955642,1.0512843,0.35100192,-1.0821245,bia
14,1.0340471,0.021506235,0.8764944,-0.28415617,-2.030929,0.8654845,0.93640196,-1.7776649,-2.7441025,1.2512059,-0.3109022,1.8367339,-0.66298836,0.5958352,1.5532146,0.053058557,0.02124672,0.0351888,0.62963223,0.15392275,-1.2040497,-1.7143556,0.5133236,-0.9640373,1.130204,-1.4340405,-0.8045261,0.29907078,0.114806294,2.6539464,0.34663978,-2.0531719,-0.7993305,0.613088,1.3695472,-0.70671827,1.8094518,-1.4763911,-0.9033155,-0.032355033,0.74645454,0.6750991,-0.9823533,2.2342274,0.24743271,-2.0176795,0.39796418,1.7796695,-0.03932143,0.06299158,0.95491636,-0.6277533,0.89837235,-0.10348899,0.085133746,0.6239182,0.8630572,1.92847,-0.10193241,0.73831385,1.3272954,0.17495309,1.1929998,-0.40784308,0.26121953,1.3637708,-1.0562279,1.110123,-0.048594315,0.46583766,1.0504211,0.6269772,0.7811044,0.57454365,-0.35935774,0.39534634,0.7827271,0.13819323,1.2602739,0.4654653,-1.8086483,0.6143416,-0.037336975,0.36427182,0.70059866,-2.0992236,0.34804758,-0.62842524,1.5438967,0.32482815,-1.9842988,0.15602168,-0.03036205,1.3934668,-0.026756115,0.41451618,1.6514729,-0.6102041,0.38219276,0.792218,1.4172168,0.9137357,-0.6207283,0.545221,-0.07687905,0.12956214,-0.3379408,-0.7932172,0.93220884,-1.0621529,-1.0503783,1.5825377,1.8918376,-2.4404807,0.21074727,0.050421223,1.0908332,1.2206713,0.5957239,0.07942121,1.6329832,-0.47879145,1.012895,-0.82455605,-0.14212053,1.4926537,-0.539349,-0.88811797,bia
15,0.30370587,-0.26789036,0.35640126,0.18831986,-1.231705,-0.42323846,0.91463035,-3.3803086,-0.7818724,1.5741814,0.4716881,1.0009416,0.31072706,0.18794999,-0.9653206,-1.0803428,0.16496643,-1.4359927,-0.72112924,1.6211698,2.204526,-0.24684477,-1.1954495,-1.3501592,0.29923934,-0.16644421,1.0685223,-1.1730088,1.8940151,0.20982632,0.52305615,1.2290084,0.3590644,0.011671916,0.23892453,-0.7557663,-0.37937114,-1.1958823,0.3899677,-2.435188,0.5319174,1.0898014,-0.43585083,0.35727945,-2.5839672,-0.3081701,-0.21926239,-0.12244071,-2.3804162,0.3498554,1.5699272,0.21886446,0.05537557,-0.67199147,1.4492877,-0.39368254,0.42920053,0.32528886,-0.26805234,-0.8467207,0.9587205,-1.2076787,0.159884,-0.441871,0.7077187,1.4471081,0.5801656,-0.869012,0.16589752,0.4726153,0.20208117,-0.8794813,0.04886221,0.030045755,-0.31112185,0.63055795,1.6090363,-1.7703618,1.5030183,-0.96747476,0.21986175,1.9944967,1.4335041,1.736759,-0.36877805,0.3510745,0.36431906,-0.8192431,0.74186385,0.25034782,-2.2601976,0.52116317,0.82007784,1.8491231,2.127982,0.19533928,1.9479898,0.5819489,0.35046485,-1.5548742,-0.07816555,-1.2662635,-0.8690077,2.1008353,0.49281484,0.11974633,1.389307,1.9534131,1.0004355,-1.3013027,0.8308851,-0.49176556,1.656747,0.31631485,-0.06784455,-0.002432838,-0.33490777,1.4672829,0.46833044,-0.34880838,0.83382136,0.5747484,-0.43510705,-0.18326944,0.2626099,2.2324002,-0.53997904,-0.56352985,bia
16,-0.017810404,0.30138025,0.98697335,-0.20299183,1.75728,-0.1641428,1.6029463,-2.7845297,-1.7993451,0.95081246,0.046426043,1.3637087,0.4796692,-0.6290053,1.2160523,-0.40386432,0.91764426,-2.3461282,-1.3750827,0.040167302,0.29820997,-0.7226887,0.08055439,-1.2749957,-0.23143539,0.065078124,0.9220228,-0.024065353,1.0258921,0.61846745,0.9633348,-1.2142463,0.8042451,-0.6868859,0.92165786,0.54807687,-0.4362085,-0.6545089,-0.04648228,-0.90368474,-0.35852638,0.14698596,-2.1337345,1.5815256,-0.20310852,-0.36925337,-0.10676275,0.80304575,-0.86370564,-1.0428741,0.42602342,0.644014,-0.7884268,-0.12294257,0.8005013,0.62077814,0.7507962,-0.48428392,0.7685112,0.29827428,-0.036116816,-1.2985439,0.9037458,-1.8216164,-0.58104414,0.7048089,-0.7998371,0.061410774,0.7576725,0.7757373,-1.5792476,-0.00999485,-1.5203784,-0.7419008,-0.3994435,1.0436472,-0.26735175,-1.5381362,0.69421846,-0.55447817,-0.32106027,1.7759902,0.0340232,1.4216405,-0.16032332,-0.14150587,1.0647552,-0.33203983,0.9528086,0.5410076,-1.8958713,0.55871665,1.9205536,-0.47418585,0.7638112,0.65496135,1.6492774,-1.0660096,1.0024128,0.8019421,-0.23959094,-1.260353,-1.9500581,1.8172256,1.3532002,0.4118812,-0.17368332,0.46658775,1.8669155,-0.5026391,-1.0468318,-0.20248468,0.6774756,-0.80230963,0.9996167,0.57884645,-1.2084882,1.2286491,1.6341398,-1.1756243,1.7022388,0.35211736,-0.40902007,-0.31036288,0.8793405,0.99503535,-0.24698788,-0.59532523,bia
17,-0.60890365,-0.54086876,0.4665797,0.31347573,0.6960781,0.98474526,1.0235249,-2.7462316,-0.6093248,-0.0058935843,-0.13708946,0.40059456,1.3048084,-0.4464039,0.17607336,0.42412317,1.3581568,-1.4783779,0.48261824,-0.92516863,-0.16306451,-0.1314414,-0.12970413,-0.8298544,0.7069414,-1.3955687,-0.93769336,0.44837978,0.38177884,-0.13985154,1.3871752,-2.43436,0.29984644,0.71329564,1.1709052,-0.37766466,0.18799673,1.2523525,0.82061666,-1.344347,0.46218756,0.3568368,-1.0184273,1.0307795,-0.3264289,-0.052677028,-0.4689714,1.9773706,-0.32617342,-0.66327524,0.34543967,1.9851525,-1.0990949,-0.43972537,0.9010754,1.7312557,0.85573596,-0.31452408,0.9183922,-0.27416918,0.9720618,0.4603687,-0.6222963,0.4949353,0.18442932,1.1843684,-0.48879266,-0.39227992,-0.9452532,-0.55133224,-0.45435184,-0.7317898,-1.1236211,-0.74922925,-1.4136289,1.8705816,-0.77982736,-0.7180668,0.13633025,-0.72243094,-0.15787518,1.7917235,0.35629305,1.926291,0.48220977,-2.1779094,1.9809648,0.36099243,-1.556291,-0.13137774,-1.1037134,0.33149463,1.7635334,0.32907328,1.0569522,0.13343449,1.5215545,-0.0059041325,0.18924281,0.9885045,0.32396585,-0.93602014,-2.1442018,1.6432499,-0.35430095,1.7909385,-0.016210437,0.08563688,0.9292221,-2.4348154,-1.1387289,-0.07824378,1.4554179,-1.3035284,-0.26034856,0.25693065,0.57216835,1.2879298,-0.2568787,-0.19813325,1.5269305,0.98971224,1.073225,0.29538593,1.7424897,0.27656296,0.3250256,-1.4160572,bia
18,-1.1464293,-0.67418325,1.3193358,0.5119442,0.42012596,0.67618656,-0.0844689,-3.6219647,-0.7360617,-0.51798505,-0.022917166,1.0921421,0.45987254,-2.0427346,0.84151757,0.070092626,0.39084437,-0.57122207,-0.43287098,0.68935734,1.2239199,-0.71868706,0.53090966,-1.1465166,-0.11937584,-0.53443766,0.57929695,0.07739304,0.9956049,0.5983008,-0.39938965,-1.1666358,-0.24950412,0.5400679,0.68006164,0.9990842,0.07719949,-1.609071,-0.6993184,-0.9397526,1.3944521,-0.9521272,-1.9232122,1.5019867,0.17321134,0.29252785,0.1914347,0.7085875,-1.2999264,-0.7386373,-0.55114377,0.6648747,-0.29732594,0.6525944,0.82806236,1.2672548,0.7183004,-0.8000224,0.19524583,0.36404505,0.99457854,-1.1663855,1.041077,-0.7240784,-0.597061,1.8837351,1.2893497,-0.60612446,-0.2609353,-0.60891783,-0.3756759,-0.52201045,-1.0412208,0.58881235,0.40657493,1.2044061,-0.6785289,-0.70500505,0.029988088,-0.20172784,-0.6193926,1.1586874,-0.45619616,1.8407425,1.7382513,-1.4603142,0.23394702,0.5204779,0.42130288,-0.11867185,-1.7637202,-0.16473313,2.4941869,0.6492796,0.024997137,0.5731928,1.1065663,-0.13946176,0.21555486,0.1248753,0.78281665,-1.7798749,-1.1198031,1.9311723,0.6205436,1.000344,-0.603354,0.76976395,1.1333965,-1.1427617,-0.53429055,0.6001297,1.5817628,-1.456265,0.36681315,0.1092404,-0.71940184,1.0087464,0.15749615,-0.07197282,1.7840258,-0.23591813,1.0095859,-0.97224814,0.91988045,1.606322,0.6124598,0.31484956,bia
19,-0.5524386,-0.4101344,1.4007143,-0.039835956,0.46073025,0.55187106,0.43098116,-3.9896421,-0.88350874,-0.6068232,0.3611656,1.247631,0.4638067,-1.7818941,0.9929595,0.18650675,0.8886436,-0.7723443,0.13399282,0.29698583,0.8424387,-1.4799166,0.14417613,-1.0438242,0.5393418,-0.67693126,0.33132356,0.7176932,0.49227375,0.7240254,-0.062397614,-1.5128661,0.23654157,0.65552014,0.66564953,1.0847077,0.15476947,-1.5055544,-1.159348,-0.579739,1.2884467,-0.527275,-1.697846,1.9272599,-0.38832924,-0.62894094,-0.08581562,1.530141,-0.8534161,-1.1534377,0.18595695,0.48933578,-0.47447106,0.633921,1.2323099,1.5618696,0.7618324,-0.49883965,0.52507055,1.0415856,1.1548419,-0.9041716,1.2167647,-0.37671217,0.08880465,2.0960364,0.56235224,0.08184291,-0.23867777,0.7842618,-0.18801503,-0.5024142,-0.6559415,0.08707054,-0.26950663,1.2702541,0.019291386,-0.70086575,-0.065861024,-0.05414486,-1.0394304,1.5335332,0.047202464,1.6873901,1.3738734,-1.5412824,0.5349501,-0.4622267,0.7384685,-0.12714316,-1.3199252,-0.4360271,2.29437,0.112442285,0.06579545,0.3201961,1.0755094,-0.44418797,-0.3339292,0.8289377,1.0940212,-1.3806757,-1.0548525,2.1024487,0.28291354,1.0527943,-0.75888425,0.12702455,1.2761192,-1.2413355,-1.3824878,0.6514457,1.4757826,-1.3218488,0.45517653,-0.31787664,-0.4897353,1.1382507,0.9960803,-0.33083007,2.31178,0.1440625,1.5587274,-1.0556487,1.5664729,1.2014338,1.1161647,0.4284127,bia
20,-1.0459998,-0.43785197,1.3189982,0.59338444,0.37905508,0.19115606,0.61550534,-4.2913647,-1.0533593,-0.47404507,0.07568807,1.2820774,1.3546811,-1.7988997,0.92432535,0.25664842,0.8769412,-0.021995392,-0.0057294816,0.026997395,0.6794634,-1.2049042,0.15074104,-1.1819618,-0.16335225,-0.6227008,0.1980423,0.71230346,-0.29242218,0.5395138,0.36557153,-1.426859,-0.026566256,1.1333886,0.7390176,0.5106108,0.111598924,-1.3175409,0.05521635,-0.4952276,1.2837859,-0.74482405,-1.6535373,1.1924052,0.737103,-0.49197754,0.19796742,1.5940727,0.09628065,-1.4507511,0.3436157,0.33065087,-1.1143353,0.41190344,1.5684766,1.0893233,1.2526146,-0.6191968,0.54304796,0.37126386,0.8626563,-0.9405456,0.78486156,-1.1280034,0.0027180556,1.6036263,0.93847716,-0.81503326,-0.92577404,-0.07193599,-0.43712798,-0.38021347,-0.30672404,0.5827247,-0.46093482,1.0492245,-0.82213306,-0.539245,0.32775825,-0.49895138,-0.6314883,1.3629514,-0.074612536,1.6132113,0.9525352,-0.5521938,0.3702368,0.6860664,0.30225897,0.5706549,-1.0506357,0.85173976,2.4792318,0.42464495,0.24565865,0.61376053,1.4479976,0.042813145,0.22463447,0.66924816,0.81091416,-1.8093725,-1.3433121,1.136478,0.48984474,1.1749681,-0.87256354,1.1548072,0.8432147,-1.5592487,-1.7973448,0.8694211,1.0481392,-1.89984,0.57881975,0.10928033,-0.19838504,0.9243397,0.75578356,-0.2730908,1.0225577,-0.046061143,1.4614797,-0.88091314,1.4596497,1.3018805,0.5023584,-0.8854905,bia
21,-1.3207827,-0.93977356,1.603246,-0.47112525,-0.12617193,1.3035437,0.15008162,-3.313433,0.808384,-0.42516825,-1.3158845,2.326002,0.15101649,-0.11016621,-0.25579488,0.0891022,-0.98330843,1.866952,-0.027295142,0.31573242,1.5692452,-0.3365492,-0.34290257,-1.4778703,-0.718107,-1.391911,-1.0598161,-1.0070943,-0.012663178,0.9920199,0.47574317,-1.5052457,0.51126015,0.3540016,0.25005248,-0.034765545,1.092862,-1.5719895,-1.6330178,-0.88273966,2.23834,-0.43386295,-0.96225893,0.98098195,-0.83609325,-0.14777634,-0.35463277,0.5414523,-0.9829227,-0.43752432,0.2737434,-0.7165535,-1.0438662,-0.9991168,1.3671575,1.0208337,0.016041197,0.2600857,0.4849562,-0.9732395,1.3666382,0.44880605,-0.17131601,1.2091224,0.25830695,2.5916288,0.73138064,0.7904842,0.98750794,-1.2564824,0.097407326,-0.44580224,0.9980695,-0.39827067,0.108609006,0.079977386,-0.31160226,-1.1970866,-0.560883,-0.51070726,-1.9237435,0.17424059,0.049717557,2.3251173,-0.038271405,-1.2929331,0.9530195,1.664199,0.22240442,1.4526205,-1.1543931,-0.37125173,1.665139,0.3176066,-0.010721408,0.15637587,2.657413,0.08697888,1.4732487,1.2085136,0.012476224,0.35595176,-0.95918334,1.0774934,0.29404223,-0.36211902,0.17153303,0.33196813,0.91034526,-1.6734349,0.122216135,0.5418196,1.484117,-0.927405,0.2549979,0.7058898,1.1416721,2.7909577,0.42387608,-0.4906203,0.10718219,0.93415797,1.3595512,-0.5822593,0.37204713,0.3884466,-0.83185166,0.7784361,bia
22,-1.4702271,-0.84847736,1.053693,0.14602089,-0.08746695,-0.41664836,-0.17938003,-4.1606936,-0.21856779,0.24540937,-0.20286834,2.0632348,0.7929943,-1.3369709,0.15214267,1.0980256,-0.025469556,0.2535892,-1.208901,0.8334352,1.5452621,-0.43054134,-0.37624374,-0.64526963,-0.52944034,-0.97595114,-1.1020484,-0.0024901181,0.48240846,0.011066249,0.029792916,-1.2697805,-0.79686296,1.024157,0.77992916,0.6798946,0.53168315,-1.2431138,0.60634506,-1.7322177,1.8640479,0.23211633,-2.056307,0.43850827,-0.15212348,-0.87651783,-0.36784214,0.9872792,-0.5587515,-0.28880388,0.7753256,-0.74985147,-0.78716904,-1.083132,1.0417857,0.8993241,1.5065336,-1.342876,1.3378925,0.3788485,1.1621065,-0.4705897,-0.7580274,-0.62087625,0.37594903,2.0839095,2.0339062,-0.930942,-0.02405341,-0.8039727,-0.904644,0.4841592,-0.6461009,0.45966905,0.66747737,0.28069684,-0.71538806,-0.84735686,-0.0599428,-1.3578284,-1.6838369,0.32204366,-0.602855,1.715714,0.3953592,-0.9597,0.43686447,1.2615247,0.06861546,1.3728236,-0.8039058,0.710288,1.8298296,1.0503575,0.64568865,-0.015640995,2.7667346,0.1540938,1.2797961,0.35258296,0.82142806,-1.5502677,-2.436202,0.20752946,1.1520158,0.7397804,0.14023837,0.6632043,0.48976022,-0.6996202,0.46653438,1.1524712,1.789689,-1.7208906,0.6873545,0.6685126,0.60829127,1.6520046,-0.85780734,0.5073733,0.9676784,-0.48191634,1.100635,-1.134088,0.53636855,0.5080249,-0.44555056,-1.6379575,bia
23,-1.0723636,-2.2926755,0.27776098,0.68939275,-0.31551963,1.5601735,0.432004,-2.2485428,-2.0223217,1.7661734,-0.59857076,-0.22732148,-0.0028699785,-0.6068591,1.5229647,1.3291851,0.41165963,-0.20196308,0.056988444,0.9215641,0.075764954,-0.6146672,-0.36555532,-0.4041359,0.13747837,0.37978283,-0.018697549,-0.66491544,1.509615,1.7300398,0.43951315,-2.0201604,-0.10865194,-0.6568989,1.6989057,0.7917288,0.434721,-0.3960234,-0.2752448,-0.016980127,2.4271955,0.061395936,-1.5095305,1.8106016,0.2147664,-1.9651616,0.4754717,1.1641395,0.18833373,-1.7206085,0.9727523,-0.8276479,-0.3413613,-0.62716264,-0.31929654,0.4415058,2.5500143,0.33663234,1.1963067,0.0053016767,0.57774407,-0.6154279,0.35772836,-0.09621829,-0.8272154,0.6163539,1.2387857,0.04856014,1.2384628,-1.2201502,-1.5140042,-0.12589645,-0.27673846,0.013636425,0.46156588,1.136311,-0.28275555,0.042571925,0.011946566,0.5320631,-2.4022446,0.13962215,-1.02772,0.6958971,0.35172057,-1.9223545,0.9729159,2.0692315,0.1513588,1.7729435,-0.8128894,0.59872276,1.2391045,1.6007303,-1.1530887,-0.75263566,2.6145904,-1.3521394,1.0263267,1.4627959,0.7107395,-0.38435003,-1.596213,1.3437468,1.9041766,-0.8771349,-0.17168273,-0.35499376,1.7398975,-0.30328375,0.3361059,0.4796443,1.7226835,-1.4659823,0.0018739961,-1.2732373,0.90546393,1.7318747,0.9403629,0.1806191,1.7659283,0.31037506,-0.7495772,-0.16060865,0.02868468,0.607801,-0.4030887,-0.82566804,bia
24,-0.47508875,-0.027791146,2.0787277,-0.99807864,-0.47131717,0.003218662,0.96418166,-3.77363,-0.7549871,-0.33263937,0.814077,0.42610064,0.34019715,-0.760828,0.9776169,0.61375636,-0.56874585,-0.6337565,-1.0052737,1.2396272,0.36697719,-0.45830348,-1.5518507,0.50656325,-0.04226933,-1.5883504,-0.7154062,0.37446055,0.39324695,1.0387832,1.7542686,-1.9470676,0.5210221,1.3357385,-0.41670334,0.81233317,1.1519563,-2.5195649,0.13535918,-1.2334276,1.9046433,0.084208675,-1.6656715,0.47494954,-0.7705292,-1.528853,-0.66524404,1.5724638,-1.1463534,-0.5666908,0.93193877,-0.09154713,-0.7256114,0.22440094,0.24360883,1.0484831,0.96510744,-0.5472064,0.14627267,0.4940367,1.6374593,-0.06375049,1.0687511,1.2216959,0.36251864,2.715538,0.96863097,-0.29535004,0.06004265,0.82596123,-0.14416774,-0.8795743,1.3164092,-1.021781,-1.0164793,0.57216597,-0.60677457,-1.1052231,0.5371408,0.6282612,-1.5005506,1.1993791,0.55029964,2.3530042,1.0409709,-1.1208562,0.81411934,1.0629001,1.1888458,0.82616216,-0.5918055,0.26870742,1.5106049,1.5804615,0.8123432,-0.23439446,1.5706211,-0.8760746,0.10548681,0.91068953,0.9404744,0.19206104,-1.5088167,1.8237395,0.5990478,0.88809144,-0.7612941,0.41585782,0.4144921,-0.8171393,-0.93011636,0.066560574,2.1686254,-1.5622118,0.1182063,0.0028847381,0.48498866,1.0250772,0.0034303218,-0.46328947,1.0031655,0.7644043,1.8799307,-1.8018905,0.98420334,0.29086852,0.4510425,-0.5030344,bia
25,-0.9777849,-0.6120274,0.8993622,-0.5821359,1.2796462,1.341271,0.52422714,-3.3248785,1.1468482,-0.014134621,0.43594444,0.82142127,-0.47438484,-0.6004015,-0.61267495,1.3118598,0.1427879,-0.6331158,-1.4291548,0.5552009,1.6917582,-0.13529597,-0.4633874,-0.60336167,1.0622596,-0.53027296,1.6327645,-0.3761551,0.35359573,0.25141913,0.8772416,0.19299296,0.99950093,0.5498681,0.5423155,1.5127426,1.1127578,-1.5668787,-1.0568628,-0.03451895,1.652785,-1.1611012,-0.52345407,0.7751023,-1.3621916,-0.7083655,-1.3867553,0.03299996,-1.6186813,-1.1565273,0.25263232,-0.92167765,-0.012825064,1.4909292,0.16619368,0.57219315,-0.33123526,-0.8424528,-0.4631662,-1.7772518,0.013635714,0.20895658,-0.48526433,0.45649052,-0.034691334,2.5013843,1.7038733,-0.32266253,0.9941876,0.27440846,0.7129784,-0.26891145,0.8132453,0.4896391,-0.9363287,0.034901313,1.9022914,-0.7320705,0.40055522,0.42080736,-1.357754,1.3091503,1.1403488,2.2694106,0.2418634,-0.39665356,2.1892955,-0.5769523,1.5607526,1.8778886,-1.6642864,-1.4866102,0.860245,0.06077444,0.21211603,1.1021224,1.5909411,-0.55913144,-0.0005544983,1.2835617,-0.5321345,-0.4913394,-1.5333275,1.8138201,0.42471945,0.94278705,0.0414466,0.2853616,1.8024132,-0.42261598,0.31931028,0.18397582,2.4289331,-0.8084369,0.47040272,0.5888783,-0.22525443,1.6302444,0.26241356,-2.7820504,1.5654305,0.04189357,1.7628694,-0.29214394,1.2874227,1.149787,1.3689133,0.847488,bia
26,-0.5880666,-0.86573255,0.5037032,0.3965404,1.5511178,0.611478,-0.2730766,-3.7747612,-0.70125026,1.614424,-0.006359838,1.8783841,0.8154591,-1.1495335,2.0634422,2.3799772,0.22380339,0.28277707,-0.6283682,0.84206194,1.8667892,-0.36094835,0.8521374,-0.8835801,1.3826728,0.4034196,1.3772129,0.51543593,1.2089926,-0.41875225,1.1060679,-0.20758815,-0.2747154,1.0366138,1.897833,0.53275436,0.84249806,-1.2116741,-0.047600508,0.7294408,-0.03790716,0.0006927112,0.40664384,0.3444585,-0.7768408,-0.12594041,-0.9105644,-0.16430758,0.5659926,-0.57125497,-0.5176764,0.04695584,-0.8725656,1.9269193,1.9072068,-0.28943026,0.080046326,1.0432651,1.1008948,-1.1262037,0.7991587,-1.0805343,0.6197577,-0.7440774,-0.8022711,1.9547861,1.3398603,-0.7778457,0.1374836,-0.13672219,-0.32379103,-0.96821404,0.58766794,1.7084849,-0.1420253,0.15545624,0.79536784,-0.31693423,-0.35862127,0.28094137,-1.6055015,1.3602103,0.8832848,2.977378,-0.76665425,-0.3268882,0.51135457,-0.35450596,0.5532371,0.8757981,-1.7689657,-0.7532911,0.9944118,-0.87150955,0.40463352,1.0461092,0.019062672,-0.7778415,1.0819373,0.43334925,-1.6593282,-1.134536,-2.4406075,1.718923,1.4818581,0.4782096,-0.2784348,1.9157921,1.7582777,-0.98536825,0.93757313,-0.034196332,2.0096202,-1.3817126,2.2178464,1.0888374,0.33773366,1.0010974,0.5491645,-2.1660318,2.075059,-1.576399,1.1552718,-1.2150556,0.4515165,1.098408,1.0921961,-0.7572176,bia
27,0.58376205,1.243891,0.6793267,-1.5192621,1.073594,1.4333186,0.000703536,-2.7914095,1.2300348,-1.0788109,0.60261786,3.139024,0.71744823,-1.290378,-0.18994117,1.3020552,0.102463864,1.0656197,-0.25340736,-0.0059758173,1.2373426,0.7271398,-0.74050707,-0.8859415,0.08917837,-1.4856269,-0.45848396,-1.2164662,0.43378854,1.2022649,1.7254697,-1.4469497,0.9953584,0.91407114,-0.0010260656,-0.5534902,1.3812163,-0.08783015,-1.0526133,1.0827179,2.1322641,-0.4733084,0.31895193,0.17495099,-1.6685328,-0.12031485,0.6924024,-0.57409286,-0.46988982,-0.51808524,-1.0236372,-0.57592905,-0.032709233,0.4251157,0.6145642,0.9289278,0.62901115,-0.9449483,-0.30616605,-0.6542385,1.253902,0.30836612,-0.8525305,1.2402899,1.2982438,1.582685,1.1593522,-0.10498934,0.030001149,-1.404084,0.8767975,0.32689717,0.7048528,1.2864964,0.43149748,0.14455488,1.0713156,-0.34448272,0.19068483,-1.1344842,-1.5560001,0.5657902,0.7946968,1.755041,1.2829405,0.04375223,1.7045125,0.44716448,0.33712497,2.7862735,-2.2118475,0.0141911935,2.456687,-1.7673621,1.1962754,0.8001033,1.5061902,0.65457404,0.67621124,-0.24931161,-0.29118645,-0.8120635,-0.8537363,1.2125726,0.99377173,1.3214754,-0.48800176,1.7652553,0.77726054,-2.0308244,0.03324282,1.3162019,1.2389752,-1.2556429,0.15335245,0.28890187,-0.6405469,2.533184,2.2511344,-1.3601958,0.5575381,-0.11577533,1.1011466,0.43915698,1.1875505,0.18670952,-1.965342,0.5371794,bia
28,0.2521863,-1.0692486,0.7466955,-0.12968993,0.6723352,-0.53143424,0.6910266,-2.1760378,-2.4258358,-0.006640343,0.341157,0.7624543,-1.0637802,-0.5844317,1.84854,-0.05885016,1.6366812,0.059020594,-0.8254276,0.47194812,-0.932912,-1.097223,-1.0305747,-0.2828581,0.47350094,1.1550633,0.3985946,-0.71338546,1.0655507,1.2270366,0.8149545,-0.106960386,-0.41295472,-0.38718,-0.09523466,0.91103524,1.4675025,-1.1815562,-0.5403499,-0.095596254,1.9571134,-0.016890442,-0.7525445,1.6227275,0.26565033,-0.11651334,1.4679313,0.4387716,-0.88990754,-0.39285126,0.15947217,-0.47944987,-0.37980202,0.27334964,0.76235354,0.41177127,1.1989591,-0.159991,0.9405672,1.7156775,1.0582906,-1.595793,1.8182287,0.52137285,0.6921018,1.5583786,-0.08080798,1.5001272,1.524935,0.35619542,-1.2224301,0.53019416,-1.2863308,0.291072,0.5738079,0.38920638,-0.6670685,-1.580839,0.14057148,0.39841664,-2.13541,0.68907094,-0.970437,0.9659603,0.7901249,-0.689735,-0.22270384,0.5259443,0.37008104,0.6586441,-1.1313257,0.19168249,2.0359032,-0.72220635,-0.15322517,-0.8581479,2.7340925,0.10612685,0.44980016,0.70831156,0.37932336,-0.732066,-1.0061717,1.2054677,0.82978183,0.017805275,-1.2155648,-0.5892223,0.54389405,-0.30663547,-1.6315024,1.2889094,2.5022454,-2.4781425,0.5856143,-1.4122723,-1.4046663,1.8683819,2.6668997,0.28144142,1.1487224,0.19803391,1.1817108,-0.7070876,-0.35253656,0.54164016,-0.4048624,1.0705799,bia
29,-0.6626625,-1.8182986,0.9180471,1.6218542,0.9818792,1.7925518,0.7444308,-2.8221233,-0.5823574,0.83503276,-1.2189025,0.4477268,0.472798,-0.50899494,0.3797081,0.19472264,0.07601946,0.120025754,0.515941,0.13070662,0.81533825,-0.87133986,1.1733345,-1.5492913,1.463888,-0.8890339,0.41890895,-0.060930178,-0.92941105,0.4073357,0.12871754,-1.3950676,0.17460573,0.39191484,0.21473917,0.13738522,2.1306105,-0.5123757,-1.0832064,-0.72353315,2.1981585,-0.6533881,-1.1632961,1.0540675,-0.44179335,0.6862769,-0.5169611,1.3710569,-0.0668729,-1.1916097,-0.38255,0.4615929,-0.7650941,0.024509236,1.6494623,0.8936197,0.3519861,0.17078376,1.4013817,-0.9627305,0.65996224,0.061651424,0.9100457,-0.2642597,-0.64130896,1.3944925,0.14484666,0.82806295,0.02578424,-0.33560786,-0.31744972,-0.37608832,-0.626973,0.7351756,-1.5277323,0.9916788,-0.60987175,-0.47625834,-0.04411606,0.666535,-1.0227207,0.2687906,0.19127437,2.4642959,0.5857212,-1.6687148,1.1098138,1.2340401,-0.32704827,0.637401,-0.8905632,-0.80686873,2.163662,1.0803938,-0.75904423,-0.34791598,2.7143898,0.14396542,0.60050255,1.775492,0.075019225,-1.0886651,-1.7350098,0.72188324,-0.580675,0.5611006,-0.6738375,-0.67714894,0.7518038,-0.6853615,-1.4043628,0.5860014,2.214576,-2.2422464,0.66485107,-0.21542695,-0.2932226,1.1957947,0.90364486,-0.57830435,1.3676846,0.043042324,0.63571125,0.422076,0.91351444,1.0364432,1.2721169,1.1823845,bia
30,-1.9608098,-1.1202791,1.7113701,0.66957664,0.6737157,-0.23946637,0.9650396,-3.8097007,-1.6031305,0.3532345,-0.4218051,0.38425276,0.65562624,-1.1954374,1.2888756,0.41163677,0.65817714,-0.66097444,-1.3954507,0.32422036,1.0973752,-0.99421895,0.3364248,-0.6562486,0.7828041,-0.04727222,0.6837169,0.83811873,0.95245576,0.780328,0.22638357,-1.8298252,-0.013154741,0.07677034,1.5437275,-0.30085495,0.4968003,-0.6207419,-0.23246363,-0.88453066,0.43802357,0.109141305,-1.8832289,1.0132253,-0.4202971,-0.9351586,0.09455527,1.2310987,-0.5019027,-0.79503906,0.33316237,0.977609,-0.16997457,-0.5176457,1.1871203,1.243391,1.7193772,0.21902415,0.54114354,0.66135424,1.6310408,-0.82806957,0.57491434,0.42556894,-1.1670034,2.0387964,0.37817505,-0.12421226,0.64882064,0.007643927,-0.87116957,-0.9909357,0.4611661,-0.5612451,-0.22300681,0.85728663,-0.08845591,-0.33230677,0.26070124,-0.42323798,-1.7657833,1.2617095,-0.21077546,2.6341388,0.11841813,-0.044208318,2.1490152,-0.4598676,-0.21685922,0.7279126,-1.0133896,0.61989206,1.8905121,0.457573,0.7422592,0.54398775,1.7823408,-0.9294788,0.1390984,0.4005389,0.33907294,0.011739269,-1.337898,1.8038756,2.1873271,-0.4115064,-0.9115952,-0.20631588,1.4433682,-1.1094699,-0.958061,-0.282659,1.9779804,-0.5238682,-0.039574645,0.31462488,-0.69378793,2.184729,0.27707934,-0.1025721,1.6116761,-0.11768922,0.06289594,-0.9303894,0.3639233,1.2932644,0.80306184,-0.60723764,bia
31,-0.91232824,-0.69844794,0.9844796,0.35442984,0.62836796,0.72731924,0.1641625,-4.318719,-0.76791614,0.2670471,-0.3164419,0.8840874,0.019704767,-1.2311562,0.23779827,0.11053823,0.832832,-0.7426832,-0.12766954,-1.1124028,0.40560493,-1.0074688,0.46131015,-0.93793,0.62121016,-0.8462022,-0.39768425,0.33602223,0.39720654,0.53908753,0.86576843,-2.1908503,-0.1721378,0.4620173,1.187099,0.6918516,-0.23625034,0.52781993,-0.031143948,-0.679973,0.9132321,-0.40305948,-1.914358,0.65225315,0.11264333,-0.8815924,-0.16746017,1.883332,-0.6747555,-1.2301208,-0.16561769,0.7748625,-0.10874211,-0.57014215,1.3133591,1.5963674,1.5718123,-0.9675016,1.3236123,0.024165094,1.3253226,-1.0395386,0.05783805,-0.4055615,-0.43997487,1.9523737,0.74541926,0.23320955,-0.78965837,0.04792085,-0.58180153,-0.44830075,-0.78870904,-0.010056637,-0.29409197,1.8317637,-0.39907417,-0.047535393,-0.30490655,-0.9393578,-0.9483083,1.4307015,-0.934073,2.0530941,0.8235847,-1.220151,0.9778086,-0.02803465,-0.41596526,0.773621,-0.89697844,-0.06426314,2.6735733,0.46541837,0.4912384,0.33723733,1.0892607,0.7697512,0.3981115,0.64724416,0.52300626,-1.6148068,-1.4666829,0.6920193,0.86815715,1.0092206,-1.060342,0.8736917,1.0518006,-1.7812184,-1.0765811,1.0377362,1.0446045,-1.2381425,0.09363098,0.5655439,-0.42682347,0.8050543,-0.3855599,0.9400073,1.753453,-0.26353183,0.5241161,-0.7206226,1.8078066,0.9111183,0.7332676,-1.0675975,bia
32,0.8528365,0.046590433,1.0844343,-0.68166304,-1.6729575,1.3084282,1.0068536,-2.101995,-2.1230214,0.914834,-0.33378667,1.7953076,-0.79634887,0.32245392,1.5495771,-0.24210803,-0.08568694,-0.050035104,0.4429278,-0.15183033,-1.0862687,-1.311867,-0.19371349,-0.79617757,0.5544944,-0.9515818,-1.2950277,-0.19650507,0.24247631,2.4687097,1.0777887,-2.131308,-1.3192992,0.59126234,1.7908126,-0.4165017,1.3772382,-1.124176,-0.39420074,-0.12269083,0.96000546,0.72816706,-1.1565907,1.6340274,0.31174186,-2.321011,0.64598393,1.6435618,-0.17494777,0.042585824,0.66512704,-0.5442468,0.75483674,-0.3708181,0.09357846,0.5447564,1.0509527,1.0250626,-0.30975327,0.70357096,1.3895433,-0.07662608,1.1488297,-0.6239115,-0.073995195,1.6906213,-0.68321526,1.2258483,-0.16197357,0.6232443,1.2306051,0.64988804,0.83423054,0.22523983,-0.3182892,0.49545154,0.0491412,-0.15166347,0.8011622,0.45104426,-1.712173,0.25070375,-0.37296334,0.5099167,0.6202411,-2.0149248,0.5374822,-0.18540987,1.898324,0.5598687,-2.0100327,0.058832616,0.07909194,1.2342651,0.17684102,0.81639093,1.4357698,0.058751218,0.9828144,0.77091885,1.8164407,0.67857,-1.0686839,0.24695121,0.58490103,0.37235105,-0.44523516,-0.51605034,1.1833038,-1.2349869,-0.9527566,1.4361739,1.8783747,-2.6812394,0.10643802,0.10326798,0.5792439,1.1740991,0.4937251,0.050475765,1.3015051,-0.4387376,1.0966146,-0.7314865,0.08220039,1.393689,-0.83828163,-1.3166705,bia
33,0.32664877,0.046197593,0.6214922,0.11725133,-1.7996233,-0.19810896,1.003006,-3.1582448,-1.5563941,1.8267993,0.011190459,1.199726,0.4424284,0.6227783,-0.65842366,-0.6909102,0.017078307,-1.2049953,-0.22845304,1.5001773,2.0635774,-0.29768747,-0.679579,-1.5864036,0.636284,0.025593508,0.7754381,-0.61297494,1.9396544,0.6830459,0.11187951,0.6786855,0.5790413,-0.2198219,0.7764726,-1.148983,-0.70067304,-1.2959191,0.24631962,-2.131115,0.042859018,0.94773805,-0.80965567,0.219064,-2.0960248,-0.254863,-0.3651744,0.55629766,-2.193404,0.19747122,1.6882571,0.5545138,0.005595647,-0.63336056,1.5795106,-0.38302073,0.588244,0.8017701,-0.27788723,-0.7470994,1.2312025,-0.9622233,0.47269404,-0.2914361,0.61720824,1.1495428,0.19059113,-0.63781136,0.5530716,0.4718507,0.29942247,-0.8790355,0.6237347,0.4622181,-0.34061125,0.5388891,1.786705,-1.4324862,2.2284353,-0.899222,0.19823635,1.8465323,1.1144917,1.5727069,0.047663853,0.14906767,0.63107705,-1.0572141,0.4603171,0.43858328,-2.0214043,1.3123486,1.3362057,1.8830183,1.7941417,0.5316176,2.360763,0.9945702,-0.10379559,-1.7035826,-0.21347907,-0.9517124,-0.42600638,2.3506868,0.45402598,-0.35214084,1.1118784,1.997187,0.86397034,-1.2944094,0.39567906,-0.34996367,1.55579,0.1906691,0.15141606,0.107503116,0.28675792,2.017614,1.090848,-0.37944323,0.9581434,0.8527014,-0.68305075,0.0755909,0.52977127,2.2198253,-0.8834626,-0.4786249,bia
34,0.064415626,0.07813078,1.2451438,0.027097918,1.5596586,-0.25349802,1.76108,-2.6819203,-1.533558,0.9371336,0.035581887,1.0977756,0.5500578,-0.63313806,0.89671004,-0.42986196,1.3375353,-2.329086,-1.1477302,-0.10041255,0.75431776,-0.67898566,-0.14670728,-1.314471,-0.009797979,0.04862771,1.1149126,-0.021100037,0.8465939,0.36457616,0.8769281,-0.78821456,0.7650429,-0.6378587,0.79356605,0.5153638,-0.55517447,-0.9029468,-0.18045437,-1.1032071,-0.33823216,-0.0983117,-1.9614877,1.5822632,-0.028684875,0.22825027,0.1415229,0.79499733,-1.1268108,-1.0441571,0.5840929,1.1787035,-1.1565616,-0.33973074,1.2217492,0.70870346,0.68565863,-0.37488502,0.90048116,0.30319315,-0.008079853,-1.3282838,1.1537516,-1.8499372,-0.08186959,0.39620537,-0.7078885,0.071652085,0.16781655,0.5901072,-1.4807184,-0.3016752,-1.6078984,-0.96655816,-0.5234948,0.98823214,-0.4779632,-1.7189276,0.49687523,-0.65007484,-0.031199636,1.9121468,0.38791865,1.2306997,-0.31219035,-0.19606915,0.6029027,-0.33997995,0.97547996,0.0067580957,-1.9657837,0.7258792,2.1613917,-0.36744472,1.0459878,0.46388322,1.7834586,-0.84511554,1.0728848,1.1095424,0.01588934,-1.2093394,-1.9833838,1.6081529,0.61960256,0.51179624,-0.25998488,0.9365288,1.8265198,-0.6889485,-1.7098303,-0.15878987,1.1824297,-1.1115712,1.0076877,0.24932358,-0.8681098,1.3418627,1.5753033,-1.2845641,1.6340824,0.6056706,-0.14294279,-0.2797273,1.2039465,1.2421999,-0.1643639,-0.54812926,bia
35,-1.5818114,-1.3095617,0.49727044,-0.015476659,0.30627233,0.3271095,0.4262813,-3.2370346,-0.518347,-0.103617236,-0.07432799,0.9036258,1.3232565,-0.8261415,0.40017202,0.4638548,1.4132072,-1.8193604,0.29554188,-0.59472585,0.4169537,-0.5918565,-0.55258334,-0.9538897,0.096491754,-1.1462802,-0.43584782,0.527153,0.82476574,-0.43195754,0.9723618,-1.8576115,0.9895573,0.6266407,1.1794106,1.1517923,-0.33169293,0.41891867,0.42767164,-1.4599917,0.9016169,0.69153565,-1.511449,1.3380815,-0.5579502,-0.2324168,-0.71724164,1.5618899,-0.8657781,-1.1614746,0.68859184,1.2457684,-1.6898887,-0.33109513,0.82649267,1.9065615,0.09591164,-0.11556889,0.9880753,-0.4048137,0.7844854,-0.2628568,-1.0615062,-0.22686854,0.28466654,1.1926968,-0.04773646,-0.05326063,-0.4338169,-0.3972908,-0.63123965,-0.58607364,-1.4847041,-1.2482936,-0.683179,1.7652253,-0.2517774,-1.2027651,-0.42242706,-0.7733563,-0.44656813,1.71658,0.10514136,1.7840374,-0.0781626,-2.3113616,1.6680925,0.5740357,-1.4819751,-0.21103394,-1.1881431,-0.23045608,1.820482,0.3130432,0.508109,-0.11174386,1.3729781,-0.18584862,0.66102225,1.7611134,0.41092026,-0.7472487,-2.0958104,1.8302888,-0.25403392,1.5608994,0.4825024,-0.2937251,1.048443,-2.044422,-0.52384335,-0.15864517,1.3221743,-1.2322949,0.28129512,0.50814986,0.9187783,1.3154587,-0.34265974,-0.16631891,1.6608853,1.0528628,1.4551555,-0.09992107,2.0067506,0.42428693,0.5761259,-0.2483444,bia
36,0.5448793,1.4709748,1.5809762,0.9204235,-0.14446865,2.2085862,2.0441165,-1.8574377,-0.26485413,1.2048508,-0.42132893,1.4119477,-0.7771548,-1.5200979,-0.69286156,-2.1347995,0.26749033,-0.20281473,1.6077411,-0.87650025,0.23464626,-1.3883572,-1.0233006,-1.2763116,-1.6601214,-1.9342498,0.9194437,-0.31477934,-3.624214,0.96275634,1.5157261,0.49835497,-0.45141628,-0.45240855,0.09302232,-1.7647752,-0.21080832,-0.4823689,0.5036948,0.8783103,-0.18282343,-0.06773691,-1.1545823,0.38836703,0.39978153,0.73777413,-0.18705703,1.9152906,0.9683823,1.4265091,-0.9421001,-0.8774931,2.095142,0.21124911,1.4651358,0.5817024,-1.1391152,-1.1605027,-0.43513587,-1.6242366,-1.3602194,-0.12685302,-0.10083811,-0.8694364,0.34813455,0.19502118,-1.1269069,0.7503481,-1.1453459,1.6820173,-0.2821622,-0.1872691,1.6384076,-0.2912459,-1.8563772,0.39923033,-0.15097813,0.81461155,-1.2358363,1.6989651,-0.17533264,-1.427264,-0.012640225,-0.55258733,2.0036633,0.19049555,1.1688929,-0.21836747,-0.3979401,1.4335498,-0.815234,0.6088802,-0.6653358,0.3920538,1.9227453,-0.6226803,0.71448565,0.941999,0.48986155,0.4285096,0.35720068,0.6333976,0.6238839,-0.86564267,-0.909638,0.20301244,0.034858335,1.9691567,0.2308268,-2.4843814,-0.53228897,-0.61291474,-2.1720214,0.619956,-1.9913375,2.6681538,-0.3271078,0.6924972,0.31078294,0.44136304,-0.47924697,-1.2944322,0.021823145,-0.14267355,0.24041376,-0.530424,-0.85110414,1.2450545,gabriel
37,-0.3138703,-1.1784657,0.58470845,-0.18590972,-0.14124703,0.9636847,-0.23299275,-0.22444443,0.054132067,0.52435064,0.3193148,0.16827168,1.2803954,-0.42703304,-0.47073147,0.33500862,0.7498139,-0.14269528,0.43883157,0.24316223,0.60059714,0.25855458,-0.0031179935,0.09949939,0.28795493,-0.39460027,0.18219535,0.34322003,0.09277266,0.022723136,0.09280467,0.8186502,0.24182415,0.00041971356,0.26363555,-0.36543462,0.117842585,-0.09673431,-0.92297,0.37196994,0.84560966,0.57160115,0.23540437,0.54199576,-0.23947234,-0.59299886,0.5589169,-0.19222747,0.84256047,0.47470906,-1.3408968,-0.4988109,-0.52632165,-0.10090656,-0.01428378,-0.48811582,1.1326942,0.28811207,-1.0663778,-1.0731761,-0.30404744,0.0047900304,0.107418895,0.87015325,-0.57617575,0.5587067,0.73565054,0.5437601,0.6030534,-0.5133234,-0.42392254,0.04902719,0.019648692,0.40909076,0.28724054,-0.6135281,-0.40925694,-0.64394385,-0.17235145,0.69801056,-0.23927087,-0.80094004,0.24333377,-0.20941503,0.5307856,0.6259822,0.48966378,0.52745074,-0.7408217,1.0092211,0.19871314,-0.03661499,0.057453584,0.07696138,1.2460381,0.7386314,-0.17639555,0.49633938,-0.9100227,-0.6324048,0.39859098,0.21958244,-0.55526626,-0.5373777,-0.11788558,0.17862804,-0.2972459,-0.46194306,0.47673154,-0.97734326,-0.28597128,0.115414724,0.4168143,0.49090502,-0.6078789,-0.3615211,0.1606949,-0.8342707,0.62586117,-0.1502043,-0.10672322,-0.110487714,0.16872126,-0.44222575,1.0171466,-0.60901004,0.48224396,0.8931447,gabriel
38,0.022956315,-0.31370875,1.392849,1.7494383,-0.80513036,0.21475254,0.7964262,-0.6196122,-0.6621456,1.4660449,0.65555197,0.19642822,0.8133046,-1.8164012,0.5589287,-1.1061878,0.27175015,0.46233624,1.0984436,-0.66715896,-0.52855587,-0.46033704,0.29381746,0.91751355,0.14689025,-1.2649736,0.355826,0.56048465,-1.3918843,-1.1186708,-0.47139964,-0.57185215,-0.9128774,-0.5055804,0.9302582,0.22410321,0.27525407,0.68471664,-0.37930542,0.92327225,-0.0074798875,0.80316013,0.719311,0.06770915,-0.37579674,1.1069772,-0.026554529,1.0878717,1.1450557,1.129314,-0.49267256,-0.8321198,1.1582142,1.8758003,-0.21831192,1.6138433,-1.0170466,-1.044222,-0.025995847,-0.4249898,-0.71718884,-0.2327587,0.45615146,-1.5632393,0.85575503,-0.21364693,-0.7465148,0.95762205,-1.8108132,1.8421239,-1.1469836,0.757694,0.8042127,-1.1020591,-0.97521746,-1.1165739,-0.4471603,0.5995009,-2.2624097,1.7841152,0.3463252,-2.0446415,-0.568043,-0.2123358,0.6095673,-0.050202936,0.63282233,0.17230217,0.002742201,0.097277224,1.1357085,0.42861328,0.1481449,0.18336624,0.49923703,-0.76241606,0.99129057,-0.32207674,1.4461181,0.3936234,0.8015763,0.6691617,1.6128933,-0.35035244,0.44679993,0.59263635,-0.6011511,0.38884783,0.6795637,-1.6305938,1.1952671,-1.3344922,-1.1673609,1.1853517,-0.7517156,-0.07584321,-0.23932856,0.7496534,1.0230491,0.7886071,-1.1281596,-2.0767806,-0.23236759,0.0024513574,-0.0001917705,0.7699494,0.45831317,1.3582722,gabriel
39,-0.35526252,1.5860703,0.82644284,-0.7578674,-0.556029,1.1533839,1.9851551,-1.536576,-0.3771879,0.40062445,0.19865295,0.037993178,-0.07514875,-0.57495224,-0.6196723,-1.1909677,-0.6637466,-0.35498178,0.41804123,-1.4387096,-0.051778987,-0.88058954,-0.65200204,0.36553308,-1.1783869,-1.4101422,0.73183477,0.24867457,-3.0826132,-1.0523518,0.41394517,0.009034086,0.6206968,0.12225809,0.1725082,-0.7123842,1.0058445,-0.91304255,2.0340397,-0.1992174,-0.2118097,-0.21804516,-0.6416302,-1.2690934,-0.17992689,0.3734405,-1.1299533,1.2900854,0.25399286,0.49671322,-1.4458928,0.27291408,1.1187016,0.4911053,0.5274969,2.25895,-1.3200693,-0.8084523,-0.71337086,-1.5570323,-0.7789345,0.9634631,-0.17696136,1.1242747,0.21237797,1.3161887,-0.45764726,0.44895586,0.3967935,0.93461704,0.3329358,0.6371566,1.8462305,-1.0270666,-1.5117884,-0.30945307,-0.83820176,-0.058933306,-0.22943574,0.54533774,0.30091092,-0.6916969,-0.4006743,0.28894022,2.3400316,0.5082456,0.8749145,0.44703603,0.054339238,1.1739917,0.044584,0.49752107,0.50080436,1.4114586,1.1574932,0.8550732,0.04742218,0.19610588,-0.2163591,0.47200617,-0.0011737831,1.2880268,1.3054212,-0.8795555,-0.94396067,-0.021067683,-0.14134099,0.585757,-0.733017,-1.4710913,-0.12598336,0.053518973,-1.151243,1.0803274,-1.8274848,2.7819517,-0.1064631,1.5343755,-0.2933582,1.3119888,-1.6947268,0.027805645,2.0366526,-0.33374342,-0.25452,0.08111162,1.6162426,0.2590567,gabriel
40,-1.3378786,-0.43069568,0.44354564,-0.5319318,-0.10592758,0.30174035,0.058623347,0.39029267,0.6981819,-0.3151634,0.5034542,0.7530027,0.5212145,0.032606438,-1.0039287,0.32317752,-0.035980023,0.33005035,0.62140334,-0.10680362,0.0750967,0.035091337,-0.16073392,0.2944162,0.004167554,1.1032448,0.62950397,0.34973383,-0.3646472,-0.6964825,0.32086805,0.9115262,0.39316365,0.1883859,0.5660962,-0.64191,-0.18892197,-0.1122001,-0.48945934,0.71157575,-0.66655517,0.21912289,0.14511839,0.77606905,-0.4077304,-0.30421752,0.31883422,-0.16590838,0.18154497,0.47261938,-0.73288506,0.53718704,-0.093170084,0.28832072,0.57641464,0.45227566,1.2287912,0.28113374,-0.825807,-0.4708318,0.2004647,0.8885235,-0.5609338,0.41879883,0.37060753,0.6005798,0.22677301,1.3363184,0.058314823,0.27169457,-0.29429126,0.40236422,-0.2269336,0.39181578,-0.3302747,-0.25205198,-0.3724449,-1.0469606,-0.7316825,-0.18291727,-0.26339802,-0.665676,0.5138649,-0.028164633,0.5506685,0.2793761,0.39915532,0.6698135,-0.25219506,0.40367702,-0.71368486,-1.2768902,-0.20196946,-0.79700714,1.1283094,0.68238693,-0.3862293,0.680785,0.2602648,-0.8643169,0.6832766,-0.038481124,-0.3249478,-0.32801414,-0.053915456,0.29122287,-0.40689912,0.5788033,0.8614254,-1.4353298,0.5254239,-0.49882197,0.29378915,0.6923044,-0.39959678,0.81779647,0.487668,-0.27073342,1.0718294,-0.29506233,0.51808363,0.5519326,-0.3826843,-0.3413048,1.3794849,-1.0339206,0.40540987,0.35170758,gabriel
41,-0.6017287,-1.5745261,-0.20034364,-0.8848183,-0.48562264,1.4273187,-0.27167428,0.92140424,1.2951483,-0.11264205,0.55192965,0.8290721,1.5401134,-0.21105672,-0.72016716,0.2843982,0.5831444,-1.4356619,0.38478702,1.2105716,-0.21732515,0.61749744,-0.42988735,1.2165152,0.43945965,1.592951,0.98304415,0.42564806,0.64354193,-0.8244794,0.2427972,1.3497238,-0.2865001,-0.08795801,-0.7815542,0.72485965,-1.4377029,0.30939186,-1.311286,0.1727491,-0.058198016,0.3038608,-0.78970075,-0.26839542,-0.17365186,-1.2011192,0.70864856,-0.38217884,-0.07236695,0.47617674,-0.95896477,-0.3442041,-1.1741828,-0.162449,-0.6208013,-0.47437495,0.9638475,0.072671354,-1.584332,-0.43665704,-0.72963613,0.44888395,-0.116943434,0.6761441,0.10877577,-0.1431139,0.54989296,0.85658675,0.8724639,-0.42738548,-0.015636198,0.27743584,0.0926941,1.5355114,0.7266907,-0.67772543,-0.97300935,-1.447756,-0.15007189,0.7402575,-0.5861313,-0.92908037,0.014131825,-0.78070325,0.5257202,0.61034685,1.5443615,0.95795095,0.0064742863,0.78808486,0.12114213,-1.6107048,0.25563872,-0.7979204,1.5342999,1.7354815,-0.6638142,1.9438782,-0.16553804,-0.77856505,1.0709821,-0.03742169,-0.0881592,-0.5021289,-0.019743647,0.01963837,0.34085667,-0.21032661,1.6926397,-1.7707671,0.48045182,-0.3791361,0.60516775,0.10968771,0.44738618,0.35520416,-0.024301963,0.0013910979,1.2794324,-0.3274172,0.7273254,0.9156369,-0.6846817,0.11210017,1.2184404,-0.64461744,-0.01975145,0.79003316,gabriel
42,-0.5412301,-0.740885,0.16022056,-0.7013452,-0.33184192,0.54165137,0.2650709,0.780503,0.80392706,-0.23799317,0.77670246,0.36905527,1.7134954,-0.6885017,-0.876492,-0.001355309,0.53516245,-0.8504624,0.86962175,0.6591641,-0.041758455,0.25705355,-0.8866847,0.64365757,-0.030918166,0.5038385,0.63380146,0.51460236,-0.23032616,-0.36150065,-0.46458295,0.70773125,-0.106957376,-0.36767784,-0.27623844,0.3492849,-0.24354458,-0.034124732,-0.74784654,0.27700448,0.3050979,0.7084869,0.06862932,0.26534477,-0.6019385,-0.7323224,0.219275,-0.1001561,0.13413963,0.31918043,-0.5778003,0.4975927,-0.8161466,0.15540463,-0.6898098,-0.020216903,0.07272197,-0.5439743,-1.347881,-0.25125426,-0.31353858,0.6853713,0.085573345,0.33835512,0.19195107,0.7342261,0.110115804,0.79189646,0.41298333,0.062395282,0.36403903,0.16392127,0.62852496,0.161454,0.40503946,-0.27100894,-0.5525471,-0.55082643,-0.058633983,0.4373827,-0.059854314,-0.34104732,-0.1724056,-0.51130503,0.66461605,0.49515465,0.83867216,0.23700835,-0.18186426,1.2650186,0.33042672,-0.2256064,0.30182302,-0.13318396,0.53325164,1.5561322,0.06382263,0.8612767,-0.77291495,-0.20007545,1.1037534,0.18581915,0.73552066,-0.66577876,-0.39668426,0.17636672,0.03722777,-0.09295289,0.57307976,-1.0001209,0.52111715,-0.6263555,0.6188092,0.31478667,-0.048107922,0.013064943,-0.4260636,0.2398014,1.2966559,-0.20740633,-0.0034101233,0.25171643,-0.3506902,0.26924616,0.91951835,-0.31675562,0.30955637,0.56008136,gabriel
43,-0.21256539,-0.9530729,1.0680723,-0.43204176,0.18259701,0.43856436,-0.28511643,-0.55248386,0.64621776,0.094017535,0.21513405,0.24246585,1.156382,-0.542948,-0.5517627,0.31791508,0.8348458,0.53869575,-0.089066505,-0.6516081,0.3874406,-0.42561084,-0.10226676,0.23934397,0.33823922,-0.089688204,0.40574217,0.6807453,0.122446835,-0.04978458,0.78541684,0.8588669,1.357788,-0.08618022,0.23643383,-0.9014913,0.84127057,-0.04033655,-0.5840185,0.5827491,0.49063975,0.39160076,1.032105,0.12444565,-0.02490607,-0.187074,0.056064595,-0.0380392,1.0219747,-0.031666778,0.33402747,-0.7321216,-0.09127801,-0.34198323,0.5793327,0.64233756,0.6805822,-0.33887208,-0.2600106,-0.6009356,-0.10398473,0.35076898,-0.2747081,1.1366107,-0.331842,0.4550479,0.24675372,0.6184353,0.7477507,-0.6025201,-0.39387774,-0.15464602,-0.304814,-0.2832858,0.10754001,-0.50181156,-0.30708924,-0.85819775,-0.40429854,-0.49308503,-0.29481968,-0.3336807,0.5312235,0.103181094,0.27360597,0.2313782,0.74560505,0.21499164,-0.6437993,0.81740093,-1.0277823,0.109903775,0.08656426,-0.096907854,1.2000202,0.32651338,-0.22638479,-0.2835893,-0.5853145,-0.22887991,0.7049588,0.5275827,-0.43574053,-1.0240399,-0.9763984,0.81728923,-1.3848172,-0.6377286,-0.090892285,-0.89417773,-0.45980808,0.5501089,-0.47082922,-0.2444652,-0.30255574,0.68354034,0.1555485,-0.6749566,-0.2070345,-0.5143432,0.023406938,-0.57319033,1.2924922,-0.13774064,0.86870223,-0.53573877,0.81360704,0.6590737,gabriel
44,-0.39477706,-0.7354144,0.3121108,-0.39259458,0.22171296,0.89112943,0.30705497,0.0070801955,0.8009679,0.052548554,1.1084386,-0.23963648,0.12707749,-0.9151257,-0.6290611,0.6766944,0.545472,-0.2813046,-0.67735684,0.4156427,1.113643,0.17579077,-0.7525571,-0.50567156,0.36839336,0.0026912056,0.04381668,0.46813628,0.19328234,0.26355717,-0.0522746,1.1673545,-0.5551962,-0.2515024,0.23976772,-0.6216775,0.2359063,0.01935352,-0.53832924,0.1421532,0.39472136,-0.111561045,-0.31563553,-0.36698583,-0.68779135,-0.9227785,0.8384226,0.22925277,0.2778617,1.0288869,-0.5712833,-0.14249131,0.08768895,-0.0151233,-0.044264305,-0.74456584,0.9297843,0.14747545,-0.7600296,-0.29616433,-0.86109614,-0.2805987,-0.039904207,1.2615967,0.6508833,0.2922387,0.5743095,0.84029317,0.88035953,-1.2775611,-0.5298203,-0.8026403,-0.30406785,0.2329913,0.13752228,0.012915898,-0.059726425,-0.27734622,-0.32168883,0.3328067,-0.88937,-0.776855,0.4065985,-0.75589883,0.2857114,0.74143296,0.5621849,0.57534915,-0.42593858,1.3458605,0.16931957,-0.38322395,0.3733631,-0.5846552,1.2375062,1.1185645,-0.18475579,0.1408755,-0.37104407,-0.23651507,0.34961575,0.43027124,-0.42887205,-0.6038606,-0.61494255,0.28607607,0.08213976,-0.18039674,1.0400109,-0.7905451,-0.09913401,-0.16049327,0.6868886,-0.2347036,0.093166605,-0.3777201,0.17060094,0.31611893,0.5751362,-0.10002917,0.06747766,0.044069864,0.24082361,-0.2884416,0.30073008,0.0054017305,-0.11379021,0.86105925,gabriel
45,-0.62473047,-0.054992832,0.1296972,-0.34904003,0.24147475,0.093765505,-0.2595364,-0.42670155,0.50486517,-0.7418876,0.26564732,0.24629688,0.13395698,-0.6531277,-0.49101225,0.353011,0.8342093,0.21491264,0.18937227,-1.0883936,0.19926003,-0.11672943,-0.07126045,-0.034605034,-0.2869757,0.5231593,0.41925105,0.49343908,-0.22116579,-0.13356492,0.3074826,0.90350956,0.8111105,0.7802609,0.9275731,-0.6069658,0.95346725,-0.13833806,0.4357824,0.9262221,-0.08213192,0.66252977,0.31783485,0.26862472,-0.33848628,0.5623372,0.45776686,-0.30470797,0.600277,0.21817924,0.06632586,-0.10695699,0.3951008,-0.07431625,1.0752523,1.0342387,0.8204933,-0.06369174,-0.10485497,-0.9127621,-0.13863115,0.0107984245,-0.5888133,0.6053579,0.14552921,0.8683925,0.38161033,0.827761,0.22546184,-0.84848213,-0.0883201,0.18846741,-0.39229184,-0.4207303,-0.35196808,0.5084418,-0.3073036,-0.2325703,-0.6145326,-1.0238403,-0.6569499,-0.08775856,0.4458787,0.27928528,0.24525687,-0.004022002,0.46486938,0.4990061,-0.654577,0.85150695,-0.7672283,-0.06325148,-0.1881074,-0.43587884,1.0130711,0.371404,-0.027421141,-0.38867855,-0.391021,-0.082013145,0.42564213,-0.08923945,-0.7980488,-0.38101423,-0.5292893,0.69044757,-1.0148579,0.31213433,-0.048005782,-1.1010284,0.051843986,-0.04254494,-0.08758029,0.2732877,-0.28051007,0.89541113,-0.012505548,-0.4581861,0.83328325,-0.42158225,-0.18672617,-0.2980709,0.75635415,-0.53828,0.91854274,-0.75982267,0.7411293,-0.22981186,gabriel
46,0.3377627,1.2951912,1.3752285,0.5543256,-0.22853342,1.7528572,1.5371943,-1.8818394,-0.19552168,1.279554,-0.86908126,1.4452405,-0.9158145,-1.6993142,-0.27197465,-1.97527,0.62956285,-0.23142718,1.8985366,-0.5268798,0.50155914,-1.5768447,-1.2875875,-0.7696061,-1.7962208,-1.7162658,1.0548575,-0.26824743,-3.1109982,1.3721018,1.8502537,0.32586494,0.0038000615,-0.8193641,-0.040214337,-1.6961894,-0.6731924,-0.6576342,0.26824033,0.75399196,-0.9644097,-0.29959443,-1.786006,0.23571146,0.58389753,0.5898819,-0.54002523,1.8280576,0.71216136,0.8305588,-0.6107031,-1.1748968,1.7225087,0.1354391,1.4674029,0.2876542,-1.197285,-1.1973323,-0.41117474,-1.2769763,-1.1621873,0.099715516,0.11238529,-0.98530364,-0.058129035,0.028882906,-0.8018092,0.37097013,-0.8089571,1.7941291,0.026142173,-0.72189426,1.9542265,-0.35005713,-1.4004751,0.5144522,-0.010450557,0.75991523,-0.8812676,1.3851609,-0.20420074,-1.2789491,-0.6772348,-0.7361735,1.7042341,0.37754837,0.8290355,-0.68577766,-0.35706776,1.2616447,-0.4054186,0.78179014,-0.9494498,0.435651,1.4350413,-0.57581425,0.5266602,1.069061,0.42479953,0.49593204,0.32877022,1.0774724,1.2525983,-0.9630672,-0.39747316,-0.43276018,-0.15294778,1.8415179,0.2559155,-2.324273,-1.022508,-0.90543157,-2.5244286,0.37832257,-2.0586185,2.5979908,-0.3897385,0.8010869,-0.11404272,0.8277887,-0.38665897,-0.98607016,-0.35640454,-0.3562208,0.4754666,-0.40355748,-0.92939734,0.7905267,gabriel
47,-0.7829292,-1.005906,0.31928158,-0.44595304,0.13073255,0.37578323,-0.14276661,0.17217855,0.20413709,0.065623194,0.35806397,0.3778243,1.1526594,-0.32682288,-0.30009213,0.06315382,0.4932571,-0.26934737,0.76312685,0.028366078,0.10047172,-0.018430045,-0.20629084,0.32195726,0.25461847,0.09777921,0.748106,0.37934127,-0.13696225,-0.3273306,-0.3208312,0.744899,0.11856712,0.005360037,0.19823322,0.10711688,0.06584819,-0.25554836,-0.6193186,0.17646219,0.5677373,0.51005566,0.05451447,0.6417026,-0.3780869,-0.48103833,0.27216673,-0.42947873,0.4705332,0.32254374,-1.3253216,0.2545241,-0.27643737,0.11493511,-0.1619964,-0.10391565,0.7331129,0.06991537,-0.93524885,-0.76064473,-0.15796852,0.44255632,-0.09249411,0.650732,-0.19079426,0.71670926,0.47420612,0.5507493,0.47416508,-0.106087156,-0.07799463,0.1671026,0.0683752,0.31750387,0.110808745,-0.47371492,-0.3429302,-0.63515323,-0.11098999,0.2722901,-0.16323167,-0.4554462,0.018794399,-0.15041046,0.7773113,0.3874368,0.5997299,0.4824465,-0.59661007,0.99899286,0.03492011,-0.06280438,-0.11741118,-0.15528241,0.72558564,0.98211503,-0.17416976,0.35764465,-0.6678759,-0.286197,0.3650499,0.29907778,0.022830151,-0.68113095,0.11327229,0.30333698,-0.13578704,-0.236909,0.48603868,-1.097406,0.03573326,-0.1083473,0.52158445,0.40567842,-0.2523029,0.1001458,-0.03293679,-0.114169255,1.0814211,0.07954547,-0.057609595,0.06515295,0.08071974,-0.13264999,1.137628,-0.6013858,0.87506586,0.6770782,gabriel
48,-0.55201876,-0.16553923,1.2006369,1.6667207,-0.5275931,0.55873847,0.932871,-0.15950355,-0.51303923,1.0454065,0.43174872,-0.008698097,0.8648707,-1.9744688,0.9032433,-1.1990606,-0.48986807,0.80584747,0.83209175,-0.74936676,-0.8732325,-0.34549668,-0.5841976,0.2924942,0.03101903,-0.8557431,0.31918082,0.79379404,-1.6645514,-0.8576318,0.06431011,-0.604551,-0.31547624,-1.1631601,0.860511,-0.14151204,0.1102138,0.24668124,0.033899628,1.2904352,0.3134844,0.35292035,0.13486078,0.19077373,-0.2805788,1.0684066,-0.01651349,1.031565,1.3199451,0.58842456,-0.51893353,-0.4632629,1.2030989,2.226273,0.38079035,1.1034377,-1.1153301,-1.2433467,-0.0026622247,-0.25184625,-0.49733996,-0.80790985,0.5664372,-1.969689,1.1490306,-0.67394555,-1.1685879,0.86686903,-1.5662636,1.0754546,-1.6917953,0.6688715,0.43903932,-1.5574865,-1.2971271,-0.8585558,-0.75062823,1.0572901,-1.4203054,2.6192575,0.4386327,-2.1506195,-0.26596,-0.34275293,0.41136637,-0.1357018,0.12299662,0.87608737,0.015189469,0.51381487,1.1551708,0.14686617,-0.4549448,-0.1531825,0.039319985,-0.71034896,0.6728907,-0.5716381,1.8646579,0.5285057,0.81068885,0.80064785,1.3721309,0.2942725,0.1783939,0.65854967,-0.80927634,0.35192406,0.6192702,-1.4063596,0.9360459,-1.707329,-1.4841477,0.5452369,-0.5035983,-0.118295476,-0.17682855,0.6448701,1.796975,0.5149054,-1.084545,-1.6241486,-0.5105244,0.28819332,-0.36326855,0.7798091,0.058761954,1.7454745,gabriel
49,-0.26315263,1.590876,0.81805617,-0.5533812,-0.5959466,1.5423267,1.9616148,-1.5412841,-0.3247735,0.55025476,0.34480578,-0.0924659,-0.41786873,-0.7062838,-0.87894595,-1.2689817,-0.23593447,-0.21336444,0.50447583,-1.3004634,0.10161014,-1.177496,-0.29346284,0.4334179,-0.91771674,-1.4473397,0.7485193,0.18880588,-3.0806112,-1.265189,0.5301676,-0.03753597,0.5087526,0.07824426,0.37757438,-0.783724,1.0638006,-0.76363856,2.3894675,0.06640656,-0.32176813,-0.3086049,-0.6200073,-1.3251094,-0.05824572,0.5175607,-1.3316046,1.3779567,0.29415184,0.3217197,-1.4784391,0.15946388,1.3660883,0.72806907,0.6304509,2.440173,-1.0760838,-0.8182996,-0.85456914,-1.6503942,-0.69265616,0.8820126,0.1501962,1.0543851,0.15251309,1.28414,-0.3401926,0.52741045,0.44111452,0.8381808,0.14601357,0.93943906,1.5608486,-0.76867175,-1.5743183,-0.34995422,-0.8225287,0.03459611,-0.101949185,0.70962703,0.38762835,-0.7536099,-0.2968733,-0.020162169,2.2250125,0.6713485,0.81795657,0.25545484,-0.14657849,1.2428427,0.041790277,0.47322968,0.35553262,1.685518,1.1155683,0.68315184,0.028782189,0.078167334,-0.25161445,0.52636856,-0.09881891,1.3966581,1.2844739,-0.712984,-1.0772827,-0.041714378,-0.44619185,0.37302536,-0.8684721,-1.7333425,-0.16267203,0.20444736,-0.9677478,0.84070015,-2.0601168,2.8814783,-0.24720879,1.6311008,-0.20026252,1.3213416,-1.8960773,-0.02155479,2.231776,-0.53436565,-0.46153432,0.33316553,1.7809546,0.09077515,gabriel
50,-1.0911102,-0.7167933,-0.17377457,-0.5756056,-0.03492599,1.2343044,-0.042930853,0.8253228,0.66070306,0.12373839,0.4405563,0.8150611,0.5579562,-0.3004573,-0.5030613,0.011303131,-0.26368573,0.21307342,1.0460784,0.17134349,-0.05344336,0.185458,0.11607494,0.85996276,0.3943747,0.8008428,0.69868255,0.21773534,-0.5782726,-1.0580735,0.08419852,0.9131536,0.16175309,0.5348755,0.6058669,-0.11605404,-1.0720321,-0.12148558,-0.4034716,0.5395565,-0.21007049,0.5463308,-0.5194458,0.2800603,-0.20328383,-1.1173747,0.25469604,0.039571825,0.5505907,0.32136056,-1.3030154,0.5039118,-0.2046009,0.26096177,0.5389554,0.22748458,1.2169976,0.09161846,-1.3549942,-0.90196306,0.40568298,0.55160856,-0.24142973,0.50991035,0.6077687,0.2333872,0.19899061,1.5626894,0.0031044558,0.058376472,-0.46375325,0.41870722,-0.01426151,0.91568035,0.23955907,-0.9204299,-0.70523095,-0.5505492,-0.71727216,0.731633,-0.37480673,-0.87045383,0.055053975,-0.25729224,0.7449453,0.711203,0.9131708,0.87744707,-0.5041213,0.6559058,-0.17896122,-0.7822014,-0.39273652,-0.44351164,1.3814234,0.6465563,-0.80639184,0.7246937,0.041985147,-0.37028983,0.22497778,0.16651869,-0.5318681,-0.2920718,0.38044608,-0.16119452,-0.23892236,0.15628673,0.93223685,-1.8792402,0.31701347,-0.47739643,0.20233901,0.69446594,-0.36013436,1.0271091,0.25560465,-0.09030829,1.8205632,0.33489367,-0.14098299,0.7106924,-0.40605146,-0.18262064,1.4531024,-1.1295956,0.33142686,0.7241103,gabriel
51,-0.7168219,-1.3841611,-0.03260537,-0.6233344,-0.25198504,0.96227574,-0.29999512,0.95405376,1.2018764,0.079257324,0.3149217,0.76868004,1.8092996,-0.6024468,-0.29662576,-0.35832602,0.411439,-0.874854,0.6135546,1.2345473,-0.05345241,0.40737465,-0.42174774,1.4158407,0.82038987,0.98399514,1.127366,0.32097447,-0.07587594,-1.160832,-0.01810804,1.1374775,-0.6096637,0.03431154,-0.43956494,0.627674,-1.4657708,-0.1327917,-1.1875753,0.41030207,0.2083695,0.45555988,-0.3722425,0.247919,-0.03936965,-1.0412542,0.37265214,-0.13727127,0.007878013,0.28789026,-1.6287596,0.27814445,-1.056253,0.09440892,-0.3241291,-0.73990214,0.88317317,-0.31913206,-1.4907067,-0.74258506,0.11232991,0.60514873,-0.43082604,0.5158558,0.23206997,0.09914149,0.22900423,0.65285844,0.014279123,-0.42975456,-0.26421124,0.2482802,0.6583668,1.3182777,0.52716196,-1.0234734,-0.76905537,-1.052307,-0.2296465,0.9122064,-0.25634944,-0.68652797,-0.39968348,-0.467501,1.0560687,0.34288788,1.2725571,0.409665,-0.39460123,0.97707295,0.097746775,-0.73826224,-0.2306226,-0.6060887,1.3137429,1.444158,-0.4991792,1.8719727,-0.38127318,-0.79502857,1.0659555,-0.06648424,-0.098223075,-0.721968,0.08304212,0.11779505,0.2783084,-0.06806666,1.4467323,-1.969018,0.38700822,-0.6493767,1.0292482,-0.019464632,0.14691593,0.7532966,-0.2904158,0.03228476,1.7156261,0.40648854,0.48985165,0.51777065,-0.9498458,0.04820311,1.3144659,-0.7724724,0.36607325,0.7689233,gabriel
52,-0.86182964,-0.93394566,0.20032069,-0.73359233,-0.231742,0.6424319,0.07307054,0.9808575,0.6525165,-0.27788225,0.6154109,0.35203573,1.4225879,-0.55581623,-0.77208257,-0.15742384,0.43184915,-0.76508427,0.95295835,0.4404552,-0.044521667,0.29751316,-0.64888155,0.72483426,0.05542803,0.74639815,0.875504,0.5614289,-0.3478973,-0.4944233,-0.65093684,0.94236445,-0.3746136,0.037028685,-0.060676284,0.31151092,-0.25930783,-0.13699731,-0.6545347,0.11951038,0.20597725,0.55756193,-0.18215367,0.3352882,-0.5745932,-0.7900231,0.49481276,-0.4087155,0.15260139,0.27396995,-1.0056901,0.5571595,-0.55708444,0.04623743,-0.4809092,-0.116194665,0.4374299,-0.30630362,-1.5950443,-0.4310797,-0.41801366,0.7116186,-0.030464508,0.5176433,0.10428728,0.6788723,0.17626101,0.9796125,0.39506078,0.042963482,0.43226972,0.21612167,0.43127915,0.37764227,0.38717994,-0.23327115,-0.73084927,-0.47455126,-0.05629272,0.4951368,-0.09792202,-0.5610337,-0.17532116,-0.5344317,0.78825414,0.6852911,0.9774966,0.5466197,-0.36048144,1.0758014,0.37513515,-0.3867121,-0.08457743,-0.3556168,0.91259235,1.569091,-0.13885126,0.83005357,-0.48393515,-0.26700583,0.92117304,0.29305005,0.43948695,-0.7851249,-0.18631329,0.13751012,0.11977327,-0.34730697,0.70469487,-1.300624,0.2781982,-0.6877096,0.6462381,0.33934888,-0.06936037,0.2078957,-0.42613444,0.3088838,1.5512722,0.03333647,-0.13935979,0.3560934,-0.33930022,0.19679007,1.127079,-0.46997684,0.61320406,0.7337347,gabriel
53,-0.415461,-0.7342614,0.32594445,-0.5890126,0.21898904,0.5269781,-0.13743865,-0.24259579,0.43395698,-0.030930819,0.3525766,0.3815136,0.75426173,-0.5508429,-0.3855082,0.3840509,0.46059126,-0.19791593,0.41006106,-0.039428867,0.39828876,-0.25585142,-0.55425996,0.25417852,0.0055639064,0.23342538,0.45725042,0.5025104,0.07070838,-0.10442345,0.4188294,0.7814312,0.64323884,-0.15375662,-0.07989571,-0.44576913,0.58244944,-0.14611772,-0.31259632,0.16569212,0.60034466,0.28056163,0.47213566,-0.12257359,-0.47337586,-0.3364857,0.31666765,-0.31794617,0.45017695,0.17072955,-0.2233517,-0.069411546,0.046733834,-0.27650607,0.14651124,0.38943905,0.079755165,-0.02199572,0.042919658,-0.3352519,-0.0837463,0.17119569,0.057481002,0.80872864,-0.2594564,0.4656433,0.48159394,0.5367728,0.782578,-0.21775766,0.04493498,-0.39818302,-0.035737548,0.07212463,-0.15934522,-0.13714887,0.030315429,-0.49909663,-0.2127789,-0.31430516,-0.4663956,-0.45805827,0.25417787,0.10572475,0.25442752,0.13159028,0.7666725,0.1451395,-0.3817297,0.740989,-0.6263313,-0.54780847,0.032004934,-0.16959453,0.8502088,0.2359879,-0.14448208,-0.1106166,-0.4424513,0.15672734,0.38235295,0.4773696,0.07685476,-0.4321781,-0.5781627,0.4437285,-0.42821515,-0.26410654,-0.090559214,-0.51015794,0.12767166,0.21463268,0.18812747,0.050405018,-0.12118975,0.22413972,-0.08985792,-0.05555111,0.048962858,-0.27793834,0.07100245,0.011571297,0.66823965,0.21062458,0.5704634,-0.33997932,0.8407817,0.61859775,gabriel
54,-0.6577053,-0.96285987,0.42048118,-0.39095825,0.21699879,0.7026193,0.14711273,0.49632525,0.7310256,0.18293187,1.1101948,-0.20100498,0.79633003,-0.9096949,-0.69128895,0.2681803,0.30517066,-0.4453808,-0.28358752,0.58014894,0.9572141,0.15179732,-0.50335735,0.10843645,0.32540718,0.18205217,0.2122379,0.61464345,-0.11402778,0.02187804,-0.190023,0.9485246,-0.5496039,-0.30746472,-0.034642898,0.11779863,-0.11402726,0.23998162,-0.59521425,0.4785605,0.55541956,0.049761154,0.025238134,-0.2711666,-0.53194207,-0.663198,0.5783456,0.3012495,0.13587809,0.6259184,-0.95742434,0.5873023,-0.25930107,0.1486505,-0.41709214,-0.36601463,0.42340326,-0.07676161,-0.80498356,-0.39858818,-0.54990995,0.016530745,-0.14058588,0.72523016,0.42377785,0.16212752,0.30227298,0.8374935,0.28537884,-0.76752186,-0.31802484,-0.4339812,0.35818622,0.24946944,0.11260164,-0.38131717,-0.2920689,-0.3111601,-0.6471211,0.6037039,-0.3991655,-0.9063965,0.15677446,-0.469391,0.296988,0.89161175,0.57876587,0.62645376,-0.24280237,1.1822766,0.37151298,-0.2157427,0.5094922,-0.33969662,1.1085193,1.2940781,-0.06210952,0.2784383,-0.4835307,-0.24433917,0.63025236,0.25359228,-0.07725203,-0.8696006,-0.58748585,0.13848233,0.32187712,-0.24799302,1.2435544,-0.71504146,0.14042182,-0.5065212,0.86956215,0.033409774,0.3344079,-0.30970722,-0.056692123,0.2602351,0.8964141,-0.14935689,-0.14320913,0.06702532,-0.13427465,-0.18684314,0.42268813,-0.0170324,0.41353086,1.0267026,gabriel
55,-0.16334958,0.20468614,0.44700062,-0.8255787,0.22008815,0.1303876,-0.16510244,-0.2681739,0.6188243,-0.82780063,0.4721983,-0.03523764,0.14334829,-0.54516375,0.031087197,-0.24352063,0.108090974,0.391513,-0.09501892,-1.4666742,-0.32528096,-0.14086853,0.15993112,0.9159501,-0.055600975,0.43828112,0.61718726,0.20255059,-0.13959947,-0.11724111,0.2349576,1.2554604,0.82124436,1.067927,0.7024185,-0.9024892,1.1199511,-0.65501255,0.69493425,0.58678484,-0.07880156,0.5624572,0.8308704,0.17414746,0.19094524,0.70741653,0.61474454,-0.9397595,0.94429475,0.117221825,0.3345182,-0.32068506,0.29914433,-0.60715187,0.5459532,1.1026218,0.93056124,-0.39543095,-0.4468168,-0.59317774,0.29518747,0.39646924,-0.4717349,0.7867871,0.12482088,1.0841161,0.1534917,0.82987577,0.48344845,-0.9071008,0.024412539,-0.16698217,-0.25960913,-0.8381943,0.26972944,-0.08034517,-0.7848371,-0.45328045,-0.837396,-0.8110434,-0.16602075,0.2905391,0.4036424,0.45946762,0.25992173,0.35491624,0.5537916,0.75100124,-0.6336471,0.45782065,-0.7607654,0.35508516,-0.31773943,-0.45380542,1.4837097,0.8580517,-0.5421027,-0.7319189,-0.8997868,-0.09628644,-0.0113568455,-0.4034913,-0.58795774,-0.7932311,-0.76103425,0.50456333,-1.494491,0.2324332,-0.21085078,-0.9763169,-0.34210297,-0.31632006,-0.48252895,-0.027591975,-0.18613154,1.3062011,-0.25352877,-0.5424942,0.7792008,-0.08669339,-0.68909615,-0.6930307,1.5162225,-0.31972113,0.92725915,-1.1981586,0.7004401,-0.15124595,gabriel
56,0.89049506,1.0886025,1.5412457,0.3023334,-0.6646855,2.1522558,2.6267295,-1.8560826,0.5824875,0.6486389,0.50717366,-0.17900336,0.2837627,-1.5225972,-0.39819536,-1.8416203,-0.14257902,-0.047885705,1.4172513,-0.2904226,0.46158752,-0.47899976,-0.99173814,-0.3225836,-1.6764802,-1.855338,1.1358777,-0.46708995,-2.8278563,-0.7775619,0.050288036,0.9770793,-0.5784283,0.11181673,0.11787489,-1.5596998,0.79360515,0.16998614,1.0729611,-0.028656363,0.4268609,-0.026908511,0.22088793,-1.0443418,-0.4786808,0.7329595,-0.67324394,0.6471069,0.78320616,1.2811947,-1.3037935,-1.0673131,1.2194532,0.3213296,0.49423176,0.97098523,-1.1303473,-0.21241538,-1.2677397,-2.369318,-1.5575229,1.0071326,-0.5478551,0.7784327,-0.40943283,1.6032273,0.32011646,-0.04602627,-0.17947182,1.090733,0.31280982,-0.59632456,1.9825385,-0.6453476,-2.0840685,0.2363082,-1.1036047,-0.27454945,-1.8143326,1.6552255,0.4535072,-1.0048317,0.22049905,-0.46491212,2.2463367,0.050812505,1.9187903,0.75594777,-0.22632335,0.71033674,-0.5606597,0.1187133,0.04093836,1.2573051,1.6567017,-0.48088336,-0.09833762,0.44104335,-0.021931052,0.2651428,-0.010412693,0.4957981,1.0263275,-0.6153859,-0.83493805,0.7581648,0.9435297,0.90547276,0.2058433,-1.572227,0.586414,-0.9210863,-2.0166898,1.4130085,-2.9426062,2.2233279,-0.76149035,0.6808185,-0.36766353,0.6816419,-1.6897182,0.184632,1.1146961,-0.22027934,-0.1397288,0.6474774,0.5146179,0.9957638,gabriel
57,0.38364407,0.6347805,1.2556705,0.5776073,-0.107273646,2.555339,2.3534393,-0.9945623,-0.3835986,1.2118205,0.041541025,0.1573992,-0.45359445,-0.5672622,-1.4177575,-1.6709802,0.503443,0.698937,1.3110745,-0.4888769,-0.22953893,-0.6514091,-0.85637295,-2.087106,-2.0617352,-1.2365367,-0.08995335,-1.0664763,-3.58978,0.4341912,1.3876569,0.26137272,0.028633587,-0.5909588,0.8068923,-1.3292118,0.57714635,0.7272836,1.7510724,0.46531868,0.70330316,-0.050877973,-0.26484248,-0.39805922,0.6796692,0.35210574,-1.6985912,2.0253427,1.2905588,1.5244479,-0.7287365,-0.29319793,1.6131003,-0.3251267,0.85890144,0.8954776,-1.0697739,-1.1670132,-0.47646892,-2.4331386,-0.9949776,0.500109,-0.26331055,0.87577873,-0.18655154,0.18729573,-0.9399166,-0.33960336,-0.1718151,1.3715559,0.11739266,-0.223317,1.2571403,-1.0582281,-0.44864243,-0.6299824,-0.9511088,0.17412853,-1.1191521,1.922377,0.52250737,-1.1592425,-0.25199437,-0.80572957,1.7898916,0.43106136,0.22439806,0.7183131,-0.99841535,1.3186642,-1.4221537,1.0442942,-0.764482,1.5789281,1.5036303,-1.0737383,1.2688076,0.4365977,-0.13367295,0.4534833,0.34607333,0.8281082,-0.114418,-0.43915808,-1.3356593,0.83443713,1.0921798,0.26330024,-0.70108455,-1.704463,0.2810742,0.50139666,-1.9658695,1.1516128,-2.2283328,1.8033968,-0.12508489,0.21771969,-0.76726043,0.083789244,-1.0624588,-0.8144568,0.9642706,-0.65623915,-1.5973996,-0.116247475,-0.34154314,1.3222488,gabriel
58,0.28517938,0.79522693,1.8900753,-0.22307536,-0.18324113,2.3784242,1.9604855,-1.3561106,-0.274195,0.86098164,0.5500144,0.21414092,-0.83007747,-0.80700815,-0.9285847,-1.6729752,0.29659766,-0.244776,1.4021279,-0.5703417,0.746277,-1.4234071,-0.3532057,-0.4392501,-1.498615,-1.3170589,0.31503862,-0.56233525,-2.6757455,-0.45110288,0.7439734,0.904621,-0.5114276,-0.14020163,0.5061866,-2.0459976,0.7351266,0.7415423,1.8035142,0.58302915,-0.34099373,-0.28242493,0.011563323,-0.8944683,-0.52886444,0.97586596,-1.2813858,1.5797247,0.5248241,1.3893028,-1.1088645,-0.1547398,2.1162925,0.012261376,0.82280624,1.0983036,-0.77851945,-0.62377906,-0.9210261,-1.6233399,-0.82128686,0.73241335,-0.19729553,1.1129314,-1.0633183,0.70896655,-0.11801251,-0.36322573,0.24007586,1.112221,0.14641266,-0.8816496,1.6851106,-0.05244504,-1.231131,0.046076998,-0.59407043,0.27651724,-1.467536,1.2706785,0.5825071,-1.4379853,-0.8491482,-0.6919705,1.6985931,0.58859056,1.3364066,-0.14993982,-0.6210233,1.0114174,-0.8817523,0.2694324,-0.11739308,0.9806214,2.2648387,0.16889392,0.40505317,0.37791327,-0.7013648,-0.40596116,-0.19623686,0.22613862,0.74645674,-0.59853095,-0.67380214,-0.11461057,0.630733,0.106528535,0.108366564,-1.8222238,0.25255075,-0.5608795,-1.4982282,0.9986607,-2.6727743,1.9994087,-0.8672732,0.95116377,-0.8895523,0.64477724,-2.106631,-0.9553447,0.96728194,-0.19840384,-0.62400043,0.73154306,0.5864918,0.9178186,gabriel
59,-1.1040852,-0.9104295,-0.09514062,-0.22686028,-0.10012806,0.44125435,0.040311944,0.8038202,0.9047454,-0.23213008,0.696974,0.40360013,0.8937936,-0.22425197,-0.60409176,-0.055166766,0.634717,-0.9138342,0.043300435,0.6594117,0.024890423,-0.3164138,-0.80972046,0.19675222,-0.1274229,0.73830575,0.8179898,0.41759005,-0.515153,-0.22599648,-0.36710653,0.9437986,-0.22661802,0.058411293,-0.12700544,0.3163776,0.33962685,-0.2728389,-0.6225384,0.119483024,0.30236593,0.658041,-0.43590584,0.047650725,-0.912723,-0.72383124,0.68939245,0.16125138,-0.2053976,0.77145886,-0.62869036,0.27141088,-0.29710564,0.2092681,-0.05452701,-0.43831828,1.1137924,0.17251274,-0.971753,-0.33597675,-0.5926301,0.5692335,-0.13370429,0.9902529,0.7595585,0.5509264,0.13265361,0.9288958,0.5538953,-0.20465419,0.44794938,-0.11599098,-0.11843561,0.8302684,0.3213555,0.0887755,-0.2521227,-0.6403138,-0.14962436,0.27563506,-0.732062,-0.671648,0.37172174,-0.84065586,0.5703145,0.77001405,0.7924483,1.0454087,-0.41125882,1.0990412,-0.23115891,-0.76796174,0.19635071,-0.29288658,0.7653412,1.6251936,-0.011688381,0.92019176,-0.61784786,-0.04032109,0.639268,0.14587626,-0.22469252,-0.65541065,-0.30543354,0.15548278,0.19005685,-0.2573079,1.2235279,-0.8488055,0.09280226,-0.5063868,0.6255088,0.11992151,-0.29167807,0.004222743,-0.2233802,0.03702338,1.4874455,-0.27868542,0.16190548,0.021231888,-0.33172214,-0.60267437,0.78540367,-0.17287786,0.68089557,0.7583776,gabriel
60,1.0378144,1.7977567,1.0063831,-0.4669948,-0.81173474,2.7295654,1.8100321,-1.8010795,0.53440124,-0.02386619,0.42904025,-0.12682053,-0.36597925,-1.1079915,-0.8540442,-1.639492,-0.58232,-0.5041806,1.3750774,-1.0837158,0.73583806,-0.42273405,-0.7277243,-0.36067733,-1.2558345,-1.3516724,0.56814384,-0.6244906,-2.3033552,-0.7929629,0.027226672,0.9254094,-0.038017467,0.18598872,0.877392,-1.7133704,0.5578569,-0.41902405,1.8902655,-0.06965114,0.55534035,-0.37254965,-0.5971402,-1.8357508,-0.042546578,0.80278206,-0.64184797,1.2093031,1.6421801,1.1057585,-0.8605443,-0.99208283,1.5763189,-0.27930695,0.9940297,1.2036326,-0.8145275,-1.3060437,-0.4764951,-1.4155995,-0.9201516,0.53624856,-0.06863888,0.8746446,-0.06458768,1.6475254,0.27166831,0.3753753,0.63386554,1.0494207,0.09953348,-0.21373083,0.9876482,-0.298755,-1.6013565,-0.11248745,-0.61693156,0.37750134,-0.8928421,1.1316992,0.019468889,-0.806306,0.6225208,-0.5840176,2.8999498,0.1246788,1.3373011,0.60843796,-0.57891834,0.73157984,-0.08029679,0.75181997,0.48380753,1.0801119,1.8200189,0.26172686,0.19974482,1.1651174,-0.4797386,0.23575105,-0.44972962,-0.31124675,1.2054857,0.41620773,-1.391408,0.8467968,0.6239981,1.992779,-0.8949846,-1.537871,0.3028772,-1.0665119,-2.2291322,0.8709201,-2.427407,2.3619473,0.31543872,1.2141984,0.1118191,0.40551606,-1.0778203,0.16215742,1.7431079,-0.11750093,-0.07836492,-0.19742467,-0.41182935,0.6037889,gabriel
61,0.19531976,0.5111072,1.4072607,-0.54088205,-0.8616076,1.6735923,1.724593,-1.930957,-1.3430485,0.5533525,0.02115354,-0.03125541,0.29895765,-0.5934334,-0.272423,-0.91022307,-0.9363997,-0.5152781,0.89177966,-1.4303113,0.70335674,-1.1983963,-1.4775461,-0.81562257,-1.5450791,-2.298872,0.9280329,-0.004286878,-2.8990989,0.58436763,0.3832313,1.6624539,0.059924826,0.48142362,0.66776025,-1.9139913,-0.13312195,-0.62733096,0.9980135,1.3382236,1.0396427,-0.25973594,0.21788271,-1.1279895,0.22283454,-0.98334754,0.3388492,2.3891945,1.0109501,0.6771126,-2.5527513,-0.49324137,1.7409053,1.1490765,0.8465684,-0.16250174,-0.775802,0.28442487,-0.87532264,-1.3052795,-1.0070591,-0.29307303,-0.6455957,1.1824307,-0.5089902,0.4066645,0.12633991,0.21922864,-0.21837223,0.6544858,0.047088258,-0.6482521,1.8855865,0.4999776,-1.8128814,-0.60127634,0.39912364,0.7404093,-0.13155127,0.9424709,0.503641,-1.591627,-0.4286953,-0.58089477,2.3096557,0.52040637,1.2855676,-0.5908042,-0.41722456,1.0671332,-0.6008979,0.9997856,0.18249927,0.12961015,2.3465674,1.0634612,-0.758261,0.5321303,-0.77006716,0.12988758,-0.33236223,0.42465758,0.40752116,-0.36017233,-0.7053537,-0.074950725,0.2026173,0.69562495,-0.4657848,-1.5490254,-0.07658413,-0.8598613,-1.6237155,0.9883197,-3.0648217,1.459023,-0.0035429131,0.54556525,-0.86759406,1.0961089,-1.7376212,-0.34601745,1.1291105,-0.34041232,0.081151076,1.433623,0.5757843,1.2024266,gabriel
62,0.18221566,1.428786,0.37375137,1.7722319,-0.040379416,1.9162002,2.6019344,-1.0012823,0.4591152,0.24051702,-0.25032067,1.0764518,-0.81335926,0.12692416,0.007185057,-1.8002297,-0.4418287,0.27428216,-0.34651142,-0.41684473,-0.2911886,-0.5811982,-1.1915783,-0.41624218,-1.0338165,-2.1773925,0.7147198,0.13533567,-2.3242102,-0.13016641,1.7601033,0.30549335,-0.12558866,0.17033792,0.14353126,-2.099919,0.34658125,-0.6072559,1.2583582,0.064077236,0.9256495,0.38583067,-1.2792326,-1.3345177,0.13686424,0.56500655,0.7845208,0.1434405,0.9204208,1.6503805,-2.2801468,-0.58772683,2.238965,0.2640522,1.4569033,1.875728,-0.67935604,0.26516652,0.32088435,-1.3222301,-0.66980064,1.2806156,0.22130807,0.47575185,1.2300041,1.117142,-0.33174038,2.1096282,-0.62113273,1.360003,-0.4518719,1.183793,1.9317838,-0.24834672,-3.56035,-0.7363169,-0.1195053,-0.5211718,-0.7343062,1.8303463,-0.7638484,-2.2664094,1.7382784,-0.16146748,1.3157104,0.037909403,1.7914369,0.6595911,0.361736,0.19918618,-0.12585464,0.22889392,-1.7751299,0.059819084,1.6698123,-1.6352009,0.6785209,0.1976947,1.2485325,1.2180496,-0.9563865,2.7926512,-0.6463302,0.27408051,0.7412372,0.9073043,0.8974313,0.14178747,0.02139739,-1.3061652,-0.3117157,0.23781091,-1.0658712,0.33509582,-2.5116565,2.2191734,-0.55627215,1.9244325,1.2113829,-0.30260375,-1.266426,1.5205439,1.764339,-0.5389657,-0.120909154,-0.27041155,0.13661106,0.8458532,gabriel
63,0.9647871,0.9425597,1.3110876,0.20154607,-0.7942637,1.9556487,2.3607676,-1.6648774,0.35593027,0.76394796,0.5436322,0.20565434,0.25473326,-1.5030603,-0.20526618,-1.7329882,-0.085904494,-0.26982862,1.5789357,-0.6143278,0.3910106,-0.7703362,-0.95828474,-0.3725955,-1.9005,-2.049016,1.135342,-0.236471,-2.8361232,-0.7613648,-0.16140446,1.2086147,-0.4901625,0.13417885,0.22725901,-1.6668669,0.8505338,0.21499294,1.1006546,0.11756073,0.53633565,0.26857495,0.11004271,-1.0092057,-0.7338311,0.5827356,-0.4338957,0.60393727,0.8863929,1.411835,-1.3568172,-1.2117193,1.2416219,0.3258923,0.8276611,1.0404902,-1.0459533,0.09163205,-1.3493321,-2.406827,-1.6746134,0.8085634,-0.62845445,0.666444,-0.3217503,1.5802141,0.176548,0.33570352,-0.3532552,1.0361607,0.14650318,-0.33119357,2.0011492,-0.47195858,-2.0865033,0.3288242,-1.0776093,-0.16158059,-1.8722088,1.4027526,0.1582008,-1.1774615,0.2063557,-0.7110527,2.0754714,-0.20587671,1.8555063,0.824909,-0.21218094,0.75858754,-0.5284517,0.034382574,0.005435705,1.0274929,1.8755999,-0.58482856,-0.047686476,0.5617253,-0.10196707,0.1810831,-0.0067768134,0.52909017,0.7879674,-0.73440886,-0.5092379,0.6126272,1.2052495,0.76233745,0.36904287,-1.4295259,0.6393944,-0.8295601,-2.0415785,1.2764887,-3.0798345,2.1458042,-0.6612333,0.6571063,-0.0728718,0.6244204,-1.9738379,0.16892427,1.2236147,-0.12987277,0.1511091,0.5932666,0.32050404,1.1009116,gabriel
64,0.08466813,0.61034584,1.5554706,0.5458476,0.13288994,2.2297482,2.0870643,-1.1651692,-0.64872706,1.1141984,-0.05188407,-0.04974644,-0.11961748,-0.5117661,-1.2539859,-1.6402943,0.27952904,0.005403191,1.3794515,-0.56380665,-0.0025998428,-0.6719892,-1.2547011,-1.5470109,-2.0094404,-1.3667114,0.21839492,-0.33771718,-3.0834403,0.5234748,1.3968711,0.32991207,0.61566824,-0.96499276,0.71836066,-1.5728093,0.5711865,0.4358663,1.8410573,0.5414407,0.35156497,0.06345807,-0.62063515,-0.28136522,0.24614573,0.38781095,-1.8780284,2.5163302,1.3407638,1.571918,-0.56835216,-0.16565873,1.9072965,-0.11127982,0.8150244,1.1769991,-0.46088013,-1.2058266,-0.52299136,-1.7866529,-1.2957281,0.58803993,-0.49959823,1.2645326,-0.3939697,0.16723809,-0.65770525,-0.61299735,-0.12699142,1.4678302,-0.13145775,-0.5264351,1.2397705,-0.8820577,-0.89373535,-0.41130164,-0.5783993,0.5161331,-1.1214714,2.0804367,0.2554265,-1.171787,0.1833593,-0.7933174,2.1126797,0.4834232,0.5921354,0.73858625,-0.8953725,0.97273296,-0.9553626,1.4606038,-0.8697804,1.3282956,1.8130345,-0.70807266,0.89786214,-0.34478587,-0.5044492,-0.11448461,0.12137544,0.9936045,0.085810445,-0.6047038,-1.2381661,0.37750554,1.149584,0.11766197,0.23312879,-1.7822545,-0.14243573,-0.47624153,-2.4555364,1.622253,-2.3619587,1.836458,0.4795076,0.6937186,-0.79859096,0.12203917,-0.9070268,-0.71888137,1.1045854,-0.92562336,-0.860173,-0.1325328,0.060429506,1.1661199,gabriel
65,0.12221448,0.79774857,1.8789917,-0.022035837,-0.08912161,2.208919,1.7103642,-1.2794393,-0.045687895,0.97060055,0.35018456,0.5143569,-0.75958276,-1.0134766,-0.9096948,-1.6616728,0.08433645,-0.16539863,1.3749027,-0.7936103,0.74693537,-1.4936324,-0.2148009,-0.30124867,-1.5699267,-1.5649893,0.25707027,-0.44547486,-2.7690141,-0.4004854,0.6631627,0.59196514,-0.47653565,-0.3687454,0.6714282,-2.1949432,0.74543405,0.83277535,1.8550861,0.67545414,-0.23437044,-0.2089421,-0.07515827,-0.6796144,-0.5838061,1.0627233,-1.048248,1.405012,0.53243995,1.6075265,-1.3602799,-0.2820646,2.3213885,-0.076413505,0.84217906,1.2584025,-0.6737978,-0.6241739,-0.92045754,-1.5619712,-0.78095585,0.56062376,-0.3644125,0.65782315,-1.0983663,0.5549238,-0.3200948,-0.1382717,-0.0201532,0.98595893,0.012073564,-0.65880954,1.4395343,-0.13672264,-1.297217,-0.1135529,-0.5041524,0.5329176,-1.6051017,1.1275299,0.48995408,-2.014374,-0.57931775,-0.6752944,1.6554383,0.5082474,1.4530686,-0.05304002,-0.6873357,0.8874631,-0.82828784,0.036985032,-0.24609804,0.8393369,2.2384603,-0.053253073,0.2765587,0.23583028,-0.61653966,-0.4993077,-0.15875262,0.7001701,0.7975899,-0.92686737,-0.5835279,-0.20977268,0.55917794,-0.051601812,0.09084444,-1.6883231,0.41355774,-0.4902451,-1.6100982,0.9892355,-2.8372436,2.1181302,-0.7868258,0.9982061,-0.954476,0.6696596,-2.18857,-1.1180992,0.98505884,-0.13610953,-0.51207185,0.47695616,0.45562828,1.0851359,gabriel
66,-0.66238856,-1.0332863,-0.032797158,-0.34284264,0.22645126,0.6917413,0.08461554,0.48157114,1.1118182,-0.22784185,0.9535845,0.14437017,0.6345153,-0.53524435,-0.64852583,0.18835206,0.6591432,-0.7440963,-0.18869066,0.428397,0.29714024,-0.061858784,-0.67516816,-0.2940108,0.03781507,0.41950944,0.5481695,0.58315337,-0.23170523,0.15157408,-0.57818365,1.2980169,-0.64660364,0.013247132,0.118722245,-0.06409767,0.42600304,-0.08861784,-0.55464363,-0.05078052,0.42445052,0.3022855,-0.8553705,-0.22022231,-0.89889395,-0.86057836,0.7270011,0.05930885,0.22275512,0.9707403,-0.71858484,-0.00035341084,-0.27786562,0.14311144,0.0046358053,-0.7541946,1.301839,0.162452,-1.3194151,-0.20058882,-0.853971,0.21195404,0.0047843084,1.2287925,0.8427157,0.7415717,0.5285689,0.9454352,0.9740119,-0.71554136,0.19478838,-0.1002461,-0.55391955,1.0040542,0.4218659,0.08361441,-0.46790504,-0.6201775,-0.11166975,0.40874672,-0.9677531,-0.6370913,0.6322456,-1.0349157,0.3369587,0.6668123,0.65925616,0.9131541,-0.5009159,1.142444,0.029367156,-0.6500486,0.17173208,-0.37270638,1.1316595,1.7586598,-0.23120864,0.971672,-0.6834787,-0.2973094,0.5839202,0.086468436,-0.6721565,-0.77157885,-0.3567333,0.5567427,0.19601503,-0.59738636,1.2489691,-1.0715007,-0.11514451,-0.29921275,0.51572174,-0.29229835,-0.021602655,-0.051564187,-0.10574271,0.015524454,1.1729237,-0.096152335,0.024728332,0.17166543,0.09912298,-0.7016565,0.56680876,0.05378086,0.20306756,0.6770523,gabriel
67,0.8910824,1.4709685,1.305611,-0.5943256,-1.010683,2.42459,1.911375,-1.9402395,0.24342218,-0.023691826,0.22804743,-0.22871059,-0.40717202,-1.1642382,-0.9893043,-1.7826061,-0.73074543,-0.040749192,1.6130382,-1.0601064,0.7852925,-0.4182494,-0.721181,-0.52287847,-1.20868,-1.5911468,0.083984725,-0.6843123,-2.238996,-0.69110674,0.28333062,0.5518013,0.1994305,0.09471195,0.60355216,-1.8010038,0.69963944,-0.22917864,1.7247803,-0.29362988,0.4574652,-0.22096674,-0.69972634,-1.7000763,-0.031068513,0.7071243,-0.7708954,1.5594064,1.4830121,1.3090429,-1.1866632,-0.98353636,1.4947929,-0.24163511,0.83528054,1.3685465,-0.92009825,-0.9785186,-0.5706476,-1.1676866,-0.7571325,0.30737102,-0.29848424,0.97282904,-0.21710873,1.7717816,0.24679911,0.2752648,0.57538897,1.1987549,0.12017967,-0.28248975,1.0583277,-0.621686,-1.6201167,-0.3497803,-0.7600466,0.1770086,-0.97200835,1.4200828,-0.094219625,-1.0424545,0.6077418,-0.48649672,2.918871,0.26985458,1.196012,0.5540844,-0.445861,0.82203746,-0.038052194,0.7667556,0.25562277,1.2391752,1.7206795,-0.058659572,-0.08109802,0.95301545,-0.38544354,0.0059769787,-0.055676334,0.053360566,1.5373521,0.26022917,-1.3641465,0.8002632,0.6080982,1.5685976,-0.9276874,-1.7302741,0.15382318,-1.0594976,-2.3873694,1.1611,-2.4185982,2.1042845,0.44282195,1.0431923,-0.2817221,0.7341009,-1.0365736,0.3336337,1.4193107,-0.13928281,-0.38315797,-0.14661619,-0.3551449,0.78512603,gabriel
68,0.14494202,0.35047448,2.0416093,-0.42428166,-0.25069535,1.5918412,1.7231395,-1.6397145,-0.9570669,0.9207698,-0.21986666,0.23494919,0.39104444,-0.39860892,-0.3593835,-0.9720813,-0.7431848,-0.88693184,0.8281498,-1.1112326,0.9991325,-1.2190956,-1.4823331,-0.7192404,-1.4812368,-2.1501486,1.3427645,0.2298486,-2.9559717,0.4754678,-0.049845226,1.8844396,0.007916212,0.26543275,0.51165056,-1.8975362,-0.4993318,-0.54024327,0.94313705,1.3022009,0.8045529,-0.13066226,-0.026599765,-1.1462544,-0.30142137,-0.8857927,-0.25125924,2.2885964,0.6509062,0.6415117,-2.0892367,-0.39895624,1.7439761,0.6700349,0.88373876,-0.46141323,-0.36983535,-0.21269758,-1.2471668,-1.5207876,-1.2321543,-0.26053643,-0.65450054,1.1430552,-0.83618826,0.102838725,0.17832056,0.10963541,-0.013556527,0.9420183,0.043389082,-0.7161436,1.9203416,0.86688644,-1.5425738,-0.526097,0.71643054,0.7747951,-0.35148168,1.0592457,0.42109412,-1.7831757,-0.6276824,-0.5446524,2.288306,0.72642624,2.0750587,-1.0989417,-0.59593153,1.378932,-0.74147534,1.2875514,0.35093924,0.30552334,2.441968,0.9120636,-0.41122028,0.6420846,-1.1467364,-0.1703409,-0.42244494,0.4478711,0.0830708,-0.9461195,-0.41453525,-0.35795367,-0.08699815,0.035265632,-0.24033546,-1.1136172,0.081619985,-0.82193387,-1.6857643,1.1030426,-2.787648,1.864223,-0.4020303,0.77147895,-0.77805555,0.8956246,-1.9092376,-0.54568076,0.636203,-0.084174156,0.40552026,1.3970045,0.44215485,1.6013422,gabriel
69,0.8735615,1.5758743,0.1574552,1.4606987,0.018343884,1.8532213,2.8028028,-1.1089125,0.15369079,0.48836985,-0.697427,1.3301309,-0.8648802,0.17897236,-0.41629478,-1.9476246,-0.2381557,-0.026895978,0.44855353,-0.34791467,-0.5239104,-0.0854848,-1.1422042,-0.5617562,-1.2871442,-2.2129755,0.8525672,-0.60562956,-2.485868,0.33360338,1.9514552,0.27018875,0.3503938,-0.089448385,-0.15691069,-2.674213,0.53658,-0.4113153,1.7117333,-0.007039916,0.2668117,0.33878618,-1.7148249,-1.119021,0.20836733,0.38638422,0.022481382,0.43348244,1.1029563,1.7930683,-2.148974,-0.51732415,1.8119769,-0.22656193,1.5196576,1.8327197,-0.66819715,0.12353434,-0.062865175,-1.3064793,-0.8430622,0.74762094,0.52513975,0.23230642,0.9422755,0.92753434,-0.55612105,2.1551425,-1.0473448,1.6106354,-0.34112668,1.2721498,1.8227354,-0.21523389,-3.086871,-1.104021,-0.36448225,-0.6497777,-0.74104255,1.572591,-0.7241656,-1.8771853,1.2951398,0.19293739,1.2353973,0.10055303,1.2640178,-0.06237912,-0.15136987,-0.10888074,-0.16678587,0.40910345,-1.7230877,-0.08600851,1.6354057,-2.0968266,0.79366857,0.64251935,0.84371203,0.48740715,-0.87715614,2.4769845,-0.43738216,0.095691636,0.39289016,0.47063476,0.7854921,-0.31840035,-0.4556432,-1.5815263,-0.5594996,0.19179733,-0.884336,0.43687692,-2.3005793,2.1144152,-0.6957327,1.8696036,1.1125075,0.56799245,-1.3498005,1.397406,1.5490109,-0.25747705,-0.37383896,-0.28217632,-0.50099844,1.0364777,gabriel
